"aou","time.window","centroid_lat","centroid_lon","mean_total_abund"
2890,1,36.7607401555555,-88.0141483391715,0.963072812668213
2890,2,36.8992368820831,-87.6597999897284,0.925007895849986
2890,3,36.8834421289948,-87.6907381391111,0.890720509880706
2890,4,36.6649538264973,-88.2565492201689,0.856079412203204
2890,5,36.8765809757078,-88.5071227631788,0.833496251924667
2890,6,36.7952256979109,-88.6543352600537,0.791786411883418
2890,7,36.816566060614,-89.0257233836613,0.772743176983666
2890,8,36.9566791547619,-88.9037614604923,0.752815843633924
2890,9,36.7765316177508,-89.1384936422865,0.724488127358284
2890,10,36.9095440305822,-89.5139120364145,0.699408659323158
2890,11,36.455734818221,-89.2851869649172,0.66918833199054
2890,12,36.5411780123152,-89.6397476168406,0.649466038832039
2890,13,36.5761320690326,-89.9594019183724,0.625157851495853
2890,14,36.7444038394755,-90.2415510252169,0.620355402465531
2890,15,36.6909185362694,-89.2173239039956,0.599756410785486
2890,16,36.4556358065573,-90.0175476735586,0.572838425154705
2890,17,36.7631134604475,-90.2876709372376,0.559858772155098
2890,18,36.522978369215,-89.9336914718086,0.527364979977247
2890,19,36.6762693202264,-90.1871304679645,0.521605218224507
2890,20,36.2383037751016,-91.1542909886748,0.50934119597129
2890,21,36.6950276890062,-90.15752115567,0.499529657249052
2890,22,36.8505021071958,-90.5353306082531,0.479004602919117
2890,23,36.8371773756005,-91.3455366295531,0.471312354118178
2890,24,36.716830668574,-90.9445158365518,0.483723277943071
2890,25,36.8338804931458,-91.0667920038142,0.462297125942301
2890,26,36.6358167060324,-91.4686200601942,0.458968065510056
2890,27,36.3582625768397,-91.75733554148,0.431728001119864
2890,28,36.2735680729348,-91.8584218224548,0.421831239129773
2890,29,36.7245124365287,-91.7021346156666,0.437265117462918
2890,30,36.8119864365176,-91.2439268444285,0.427586161331979
2890,31,37.0152077884494,-91.9285106344818,0.431461426080635
2890,32,36.1822620463485,-93.3870784761548,0.390156911744462
2890,33,36.2540980859055,-93.4273785223741,0.37821524645943
2890,34,36.4387383974724,-93.3033882851411,0.383425135115823
2890,35,37.0925028491688,-92.764039699991,0.400637659466773
2890,36,36.5064817795303,-93.5698335365661,0.386623132898764
2890,37,36.4616402780489,-93.9237266851234,0.376865063104177
2890,38,36.1567372375077,-94.206452319339,0.354460158918374
2890,39,37.1885226350986,-93.7904624878186,0.384351399526439
2890,40,36.6427757756949,-94.592477194911,0.367980879052061
2890,41,36.2480921069739,-94.1583991460794,0.355020403461491
2890,42,36.7208919887716,-93.4518542330099,0.364779719749633
2890,43,37.2603990050967,-93.7608308389732,0.36910666204223
2890,44,36.3981387532066,-94.5386578417143,0.337903468668564
2890,45,35.9106112632629,-95.3457609309,0.31788618748193
2890,46,36.1346294925624,-95.0922276208152,0.34409129030042
2890,47,36.4112202025652,-95.0391012273458,0.339446045105784
2890,48,36.0203474028681,-95.9085053670194,0.307044194346345
2930,1,33.1300938270091,-103.141660051217,0.989933483962021
2930,2,33.3698050498738,-103.32318950574,0.977189041246746
2930,3,33.8840728086391,-103.75013532512,0.971932618979491
2930,4,33.7109698034733,-103.190772769562,0.958406401453227
2930,5,33.7265074750514,-103.195632572816,0.949262209197046
2930,6,33.3937594898308,-103.760847920166,0.954866288154418
2930,7,33.7582907903591,-103.205776242319,0.932624340637599
2930,8,33.4402354809897,-103.752493068091,0.944244691049748
2930,9,33.9695804184277,-103.728956398698,0.929665597114495
2930,10,33.6686891286242,-103.947505454988,0.922017874703693
2930,11,33.9994782718088,-103.722101013652,0.92012079136012
2930,12,34.0147025492353,-103.71875357477,0.916234849159005
2930,13,33.8596645533454,-103.240080740289,0.896258386804365
2930,14,34.0881310216475,-103.129335671722,0.933685756483789
2930,15,33.8955272546066,-103.252956886129,0.88883610322574
2930,16,33.9652636993674,-103.452812797533,0.931195206667268
2930,17,33.8201929925126,-103.004881063634,0.905105105792115
2930,18,33.9512206500477,-103.273727155364,0.882373220414572
2930,19,34.1263283817079,-103.697708733286,0.906620934120058
2930,20,34.0194757342361,-102.798363895045,0.909416048041678
2930,21,34.0393978393335,-102.819992346405,0.911476061327484
2930,22,34.219314229129,-103.22217855544,0.950729423427921
2930,23,33.9209535850782,-103.891800053054,0.9198727215782
2930,24,34.2107574402095,-103.68639810432,0.920538286039043
2930,25,34.2279800302269,-103.684609075157,0.925645741357906
2930,26,34.2452802011816,-103.68299163886,0.931582270140831
2930,27,34.2626406824584,-103.681550380153,0.938374031480414
2930,28,34.1502063731001,-103.355388203361,0.906107203475045
2930,29,34.1708180991583,-103.364484664611,0.912808506382968
2930,30,34.3543806157768,-103.321621876774,1.01959770035192
2930,31,34.4302475291318,-104.006465242336,0.986740973230012
2930,32,34.3496754497289,-103.677091616665,0.986187272182036
2930,33,34.3669839247988,-103.676758555183,0.998749776004621
2930,34,34.3842089335341,-103.676610746043,1.01239709720524
2930,35,34.4013283273217,-103.676646043035,1.02716955373866
2930,36,34.4183200232299,-103.676861465034,1.0431095918289
2930,37,34.4351621657392,-103.677253226271,1.06026187895487
2930,38,34.5465280603034,-103.96196941662,1.10538714114013
2930,39,34.4683124535292,-103.67854683741,1.0983935661873
2930,40,34.3943326595429,-103.470378142982,1.05212428003599
2930,41,34.2432986204144,-103.604023732783,1.0987695978578
2930,42,34.5164000564128,-103.681673716196,1.16593858794375
2930,43,34.5319178330164,-103.683004646727,1.19143967347051
2930,44,34.4697878309027,-103.509087903934,1.13899528344806
2930,45,34.5620871508278,-103.686052256072,1.247296000812
2930,46,34.5055151813947,-103.527949588784,1.19137893631222
2930,47,34.5910080834096,-103.689557415363,1.31008360341037
2930,48,34.6049704858119,-103.691459547761,1.34426167686805
2940,1,41.6880160657383,-120.048178885753,1.00894660956253
2940,2,41.237237856836,-120.166311235741,1.02583398249231
2940,3,41.6708516664818,-119.546697421307,1.03115610014986
2940,4,42.3082516058048,-119.609741527929,1.04122487835298
2940,5,41.8304172446471,-119.790335711904,1.04420533486281
2940,6,43.276043843436,-120.957401489707,1.04856468149396
2940,7,42.3565087459628,-120.577042600915,1.07227730192312
2940,8,43.243910852898,-120.931880122453,1.06704175451243
2940,9,42.9434128744608,-120.079393842568,1.09615404208973
2940,10,43.4173593252801,-120.27580689471,1.13923301299956
2940,11,43.1956106174471,-120.89107852558,1.09710685294013
2940,12,43.7590893761784,-120.552448836739,1.15448696220709
2940,13,43.7631657917623,-120.529395627874,1.17072764058701
2940,14,42.5175590220292,-120.871762404291,1.13226991245765
2940,15,42.5240563638203,-119.923461959315,1.12621942334289
2940,16,43.2601311490787,-119.671794770972,1.20773618323518
2940,17,43.0436456264843,-120.339110138971,1.21118261472688
2940,18,43.105852191541,-120.251561676113,1.1855537846563
2940,19,43.2362620643331,-119.334161289105,1.29496287311659
2940,20,42.8623608714452,-119.648667144891,1.2271576922956
2940,21,43.1818329595906,-119.950084293509,1.19905804541658
2940,22,43.4993853968131,-119.422423008193,1.34794676927922
2940,23,43.501350929824,-119.403991524112,1.371058393983
2940,24,43.5038972985317,-119.3854615358,1.39498604044324
2940,25,43.3476567445695,-119.087357530501,1.39784973103579
2940,26,43.5107645753465,-119.348156397125,1.44540460565306
2940,27,43.5150999975175,-119.329406364517,1.47195601059142
2940,28,43.2891699470572,-118.889723608222,1.48481920730186
2940,29,43.2968178501752,-118.876115147233,1.51219468404166
2940,30,43.172637328912,-118.636069673353,1.51366265407049
2940,31,43.3140296214079,-118.849006498838,1.56983176820996
2940,32,43.5460283863531,-119.235178054518,1.61945647539859
2940,33,43.3338154672404,-118.822092698012,1.63155036891897
2940,34,43.5627952286032,-119.197490143912,1.68601770567887
2940,35,43.3561896481119,-118.795432318509,1.69765045839026
2940,36,43.3683489435824,-118.782214766075,1.73244395631287
2940,37,43.2611040535495,-118.571521347796,1.7297027593908
2940,38,43.2762868025899,-118.562512517845,1.76501872504796
2940,39,43.2921030520616,-118.553570475064,1.80157246177853
2940,40,43.3085503018842,-118.544699476023,1.83940969441665
2940,41,43.3256254094726,-118.535903640356,1.87857799352
2940,42,43.3433245942066,-118.527186945469,1.91912685215434
2940,43,43.3616434434863,-118.518553221636,1.96110776598228
2940,44,43.488756086725,-118.680026679298,2.0586737133039
2940,45,43.5066464927934,-118.667784272107,2.10621069231739
2940,46,43.420264543341,-118.49318588087,2.09618961385883
2940,47,43.4055829869994,-118.54451872938,2.23145210219404
2940,48,43.6399083686908,-118.772348378691,2.23719646417248
3080,1,47.1110461674143,-102.769570058148,1.00148385918083
3080,2,47.1941677856582,-102.005643757224,0.998827019565999
3080,3,49.0487038791804,-106.577312443881,0.997702406846626
3080,4,47.7259633578809,-102.691287192728,1.00365015382101
3080,5,47.8574114518653,-104.020459036716,1.00738299242143
3080,6,47.7332204213263,-104.782987738624,1.00903304997923
3080,7,47.9564837425264,-107.224847405761,0.999513804116981
3080,8,48.4842808712196,-103.442046129869,0.993670304434584
3080,9,48.1615342788284,-103.559125146684,1.00309970110751
3080,10,50.6799167652939,-104.655877926425,0.932321998668835
3080,11,47.2917326850175,-103.806951518251,1.00809065667878
3080,12,48.0946472330912,-102.255993017399,1.0092578197384
3080,13,47.9864801470892,-104.28788050366,1.01116557169902
3080,14,47.9639286237592,-103.501959662335,1.0408920697754
3080,15,47.178077524528,-103.870324207196,1.02308107515715
3080,16,48.2771246384791,-105.574792888439,0.97381419117447
3080,17,48.4181307644391,-100.740484082587,1.02977390557175
3080,18,47.3360998681822,-104.943051473893,1.16457925897532
3080,19,47.7125326675355,-103.835948433152,0.996949694967915
3080,20,47.5423638781248,-101.595382173419,1.04033222751224
3080,21,48.4311008309426,-102.765209907927,0.997335242144164
3080,22,47.9854379441712,-102.53882262357,0.970698325183182
3080,23,47.956121383969,-103.15936930946,1.07355445833687
3080,24,48.5005552309232,-104.557061217501,1.00151406909345
3080,25,47.095352846603,-99.0248187961746,1.04031236114227
3080,26,47.9034478956416,-102.73717948897,1.03675033018912
3080,27,47.1282684821575,-100.829686017265,1.08620862629531
3080,28,47.0035454014568,-101.645558696549,1.13050520754496
3080,29,47.6934594889317,-102.432164293702,1.1220453813458
3080,30,47.9932961924483,-104.624924619657,1.16516123376952
3080,31,47.1666634618019,-101.78047591037,1.12160341510291
3080,32,46.6929151235573,-103.096030183042,1.12909373220256
3080,33,47.4331310031643,-101.997248226925,1.16700005021602
3080,34,47.4171971867992,-103.903621911519,1.17393620066215
3080,35,48.0218414758327,-102.547290634481,1.09267625659659
3080,36,47.4642473724078,-104.644606566989,1.29291243977184
3080,37,48.4742748803883,-102.919062283226,1.14390631341219
3080,38,47.3958273426993,-103.154140022353,1.12418485847031
3080,39,48.2419547757278,-102.522007743179,1.06626157967678
3080,40,47.5850058387813,-103.564961532055,1.18800093439089
3080,41,47.7024303430501,-102.274427449718,1.14868779064698
3080,42,47.1846239750267,-102.162468559339,1.23616434411433
3080,43,47.0470065939147,-100.839272332201,1.24568290844238
3080,44,47.4121870420667,-102.899249578152,1.1786644124731
3080,45,47.2212073403572,-102.40009818733,1.23533881220246
3080,46,47.4474333337303,-103.900109128376,1.25651753564704
3080,47,47.5524686841487,-103.508989615556,1.25097226280871
3080,48,47.0518075113823,-102.844927695516,1.27285088853709
3100,1,35.9349136158929,-91.0764459669319,1.00765031485602
3100,2,34.6213436626156,-87.7178881312948,1.01714867592913
3100,3,33.3459131023731,-90.94191249282,1.02705241051377
3100,4,35.3417214452995,-89.689726835553,1.02483195744196
3100,5,36.620944363925,-90.3559800696388,1.04333059034842
3100,6,38.8728035262074,-89.7504136885078,1.09143790134934
3100,7,36.1288042796113,-94.8141600351176,1.06566240241136
3100,8,36.737074059713,-94.3719313238183,1.08305655120708
3100,9,36.9261975508545,-92.3277518700683,1.06944094640029
3100,10,38.291990461904,-91.1198340450417,1.04184487725934
3100,11,36.8641163479994,-92.2193832964021,1.09798211595699
3100,12,38.1933973731596,-92.4772194289826,1.0556294893967
3100,13,36.4966356753321,-91.8086674396271,1.11238556243324
3100,14,37.9846983787113,-90.9309952754876,1.08165522160929
3100,15,38.0657636131091,-91.1585851662224,1.13301076912274
3100,16,36.9627926867303,-91.5650883838865,1.16551886794705
3100,17,38.5889990536834,-93.7917485954939,1.14106597606266
3100,18,37.5940531420457,-92.3969455852155,1.16070151529982
3100,19,37.9894844435633,-91.7198471919131,1.20370200408793
3100,20,38.3047209456608,-92.8179287649586,1.22656625759258
3100,21,38.4556958014194,-90.5185681305401,1.25036814346169
3100,22,38.4029553481731,-91.8098647750463,1.14996565762427
3100,23,38.641488677906,-92.3779394029749,1.20823300927274
3100,24,38.5366480645511,-91.7959828113835,1.20244792140797
3100,25,38.6686866980226,-90.7398472472525,1.29344278497635
3100,26,38.3795827488332,-91.2457701686671,1.32135634671936
3100,27,39.297448927225,-90.9329043267844,1.36967202962127
3100,28,39.0702661437529,-90.1118088839434,1.36375950592626
3100,29,38.646368123737,-90.5949629481986,1.31217054691986
3100,30,39.2400161325694,-90.9240734576972,1.40831013178449
3100,31,38.8578244412807,-90.9532027031969,1.41470682589019
3100,32,39.2369768087056,-90.2935908941309,1.44270679380936
3100,33,39.3256384291943,-90.4875608851966,1.46513000748021
3100,34,39.0994211866148,-91.0663406320445,1.44404611277807
3100,35,39.2801441113154,-90.1817116346385,1.47534977066581
3100,36,39.2782609857219,-91.4070814536982,1.4734005130219
3100,37,39.4503735450581,-90.6517453598971,1.51930016907884
3100,38,39.5055916146915,-91.4116099658488,1.53140523911434
3100,39,39.283631670423,-90.4310249179815,1.54931945268169
3100,40,39.3449646898961,-91.0049426326885,1.57704549635315
3100,41,39.3676921338498,-90.5412546471267,1.609260198734
3100,42,39.5644354443819,-90.6846119243669,1.66080096362298
3100,43,39.6267806433596,-90.3763694689074,1.68806462883971
3100,44,39.5698518799592,-90.1974092230282,1.70957763709875
3100,45,39.5809748114612,-90.4733405157008,1.7527439423529
3100,46,39.6589921722726,-90.3891947421628,1.76438191852714
3100,47,39.6713896929277,-90.2239592951484,1.81423180678134
3100,48,39.6374457146001,-90.3263016865421,1.83839908886724
3200,1,30.827264275863,-92.2964879856101,0.990689834875533
3200,2,30.8053599236167,-91.8896298286263,0.983360744496858
3200,3,31.4685377267279,-95.4520898280492,0.975190739498149
3200,4,31.0618812826915,-93.8866367944714,0.970080366901491
3200,5,31.7543729882896,-92.7166101015182,0.968997514621771
3200,6,31.037996183156,-95.5403748129761,0.950677248135777
3200,7,31.297168484817,-94.06284432662,0.943002370493403
3200,8,31.2462177279062,-94.8377864247053,0.958097474023928
3200,9,30.9142649022651,-93.8629665079775,0.950880538340368
3200,10,31.0801150313629,-95.7046870211103,0.922330422828557
3200,11,30.9296554754927,-96.6327495998422,0.891480425755372
3200,12,31.0921900494697,-95.4207696187425,0.904049976429209
3200,13,31.5964307901218,-95.9471396756452,0.920408540939717
3200,14,31.1975566721535,-90.7731349912461,0.910109990878416
3200,15,31.6609044929698,-94.3362233985147,0.925535793462845
3200,16,31.3894539841395,-97.4687016247702,0.889097677376495
3200,17,31.3207799640665,-94.7451300008391,0.918959683209235
3200,18,31.2696129083357,-94.7102862141017,0.894651225212828
3200,19,31.6872811738316,-94.0076457039986,0.903888260625253
3200,20,31.4684516355168,-94.1919192406733,0.880463501853896
3200,21,30.9326239613638,-89.334372211131,0.887650615059256
3200,22,31.0785236108853,-96.1996435738988,0.884027696397213
3200,23,31.5485525725646,-94.752420336448,0.925713494683303
3200,24,31.5389103271962,-93.7622278879077,0.89222805425131
3200,25,31.3403775087365,-93.665721700339,0.853509640711522
3200,26,31.3065226794766,-94.9774930538947,0.865114217470613
3200,27,30.95538670954,-93.4960492337583,0.889961598950898
3200,28,31.4429749980368,-97.3124199311843,0.879593046620464
3200,29,30.9050960527189,-96.6301992916285,0.87001445972104
3200,30,31.4210238866434,-93.3791833243458,0.870693612226929
3200,31,30.9383505070679,-95.8525888439542,0.850221541735257
3200,32,31.4555548702391,-97.4351525622592,0.870448461357277
3200,33,31.1928689093634,-93.0125862165043,0.879516965910909
3200,34,31.7505355933824,-95.5639965268114,0.878179561973799
3200,35,31.5415368920517,-96.927484721443,0.851628398586502
3200,36,31.5671264429671,-96.8389920108921,0.878583512799397
3200,37,30.8894843495967,-92.5557418787613,0.814358706413867
3200,38,31.5722033548697,-96.8833394248677,0.875902304322132
3200,39,31.5745798292712,-96.904902736193,0.874682235642475
3200,40,31.1672704869088,-94.7720990238351,0.821468041349408
3200,41,31.5790134595111,-96.9468147957948,0.872475825322484
3200,42,31.2670641785557,-95.0843809643372,0.855362601165078
3200,43,31.117919404328,-96.0753841079895,0.868008181071986
3200,44,31.7699704147508,-95.8060613412852,0.893640721136158
3200,45,31.2702348528294,-95.1312076602558,0.85217664747025
3200,46,31.3224556163281,-94.4847709859408,0.863686909334818
3200,47,31.5965812633589,-97.3341347147677,0.893613517154488
3200,48,31.2726449467248,-95.1755820776282,0.849671077081059
3210,1,30.9455650604969,-100.432816343768,0.994673630438102
3210,2,30.8510138258714,-102.060405088161,0.984065242220411
3210,3,30.8324578336837,-102.033418891507,0.976365156419168
3210,4,30.8761015659124,-100.708136874102,0.974218210112283
3210,5,30.8784556732211,-100.376115161961,0.973421272460626
3210,6,31.2150242834859,-102.060312749408,0.959023153093265
3210,7,30.8176155724873,-100.623485596018,0.956411690176348
3210,8,30.3250490381098,-100.6494652585,0.961183977407378
3210,9,29.6095014209183,-97.9084662240348,0.98143399594056
3210,10,31.2019829324701,-101.550133479293,0.916116976108916
3210,11,30.6809183155831,-101.816837631221,0.919872585308275
3210,12,30.7225506102658,-101.447055876443,0.92983091007726
3210,13,31.1923701801355,-101.227715675798,0.907749170623544
3210,14,30.0775247509719,-98.2633354012152,0.968470574781284
3210,15,29.8033820608665,-98.5815647912541,0.934202126899815
3210,16,30.2594988912708,-99.1623215583728,0.935567702643269
3210,17,29.5088669690211,-97.9026457701841,0.97047324440015
3210,18,30.2076117029704,-100.156854090288,0.941242942162711
3210,19,30.3831013875717,-97.6857107378135,0.93831572273954
3210,20,30.4233882585416,-99.1932487573111,0.94347731107361
3210,21,30.1606254593503,-100.10148826693,0.934026548390947
3210,22,30.7357043231283,-100.670825183426,0.903823621965051
3210,23,30.1293787698629,-100.064341432082,0.929604394246893
3210,24,30.7044075936295,-100.602718477768,0.897225509186308
3210,25,30.6883424280795,-100.926581234865,0.891979633763803
3210,26,30.6731235896702,-100.535116542454,0.890950601994985
3210,27,30.8001602239988,-99.9345665345562,0.860506139397605
3210,28,30.7986006961868,-99.5124769556127,0.855665022234976
3210,29,30.7741778557154,-99.8903578515163,0.852533293512215
3210,30,30.8965095518201,-98.7261162671846,0.861193034515849
3210,31,30.8661661223125,-99.1330895896665,0.857099420724724
3210,32,30.8548827260588,-99.1110825785934,0.853645332680176
3210,33,30.8082387561044,-97.9600543653463,0.891581275327951
3210,34,30.8322926819592,-99.0674121843981,0.846926843519836
3210,35,30.63952886359,-98.9545739414867,0.865389486908161
3210,36,30.7367070629565,-98.5214091956859,0.87986222499343
3210,37,30.8447890197117,-97.5217885335335,0.891794363266308
3210,38,30.8230362483927,-97.9532291553278,0.884470521926743
3210,39,30.8136747844836,-97.9231673482672,0.882849167645457
3210,40,30.6563341071506,-97.7517377528877,0.908146568968275
3210,41,30.7950566940959,-97.8633822000439,0.879801136095328
3210,42,30.7858017291819,-97.8336626774683,0.878373562295779
3210,43,30.7765839085418,-97.8040610065614,0.877009701969757
3210,44,30.6245160192412,-97.633348797191,0.904826931389481
3210,45,30.5827666758793,-96.9259536814649,0.897282287913447
3210,46,30.6173089197653,-96.4599877396734,0.923085957604667
3210,47,30.7445227880954,-97.2191261600234,0.880365277330927
3210,48,30.5481745278713,-96.2891320232199,0.907129827957058
3260,1,33.0643198130902,-87.6479555713324,1.01302387802909
3260,2,33.6114975228225,-87.2651100458794,1.0226805439276
3260,3,33.2879703500084,-88.5006576366887,1.03550008627008
3260,4,33.8640124145203,-86.2635796988612,1.05500974581309
3260,5,33.4382116118501,-88.3544045716316,1.06198026173673
3260,6,33.7519829278846,-87.4843533553239,1.07544125722861
3260,7,34.0499754929704,-87.3499487884478,1.08179171753737
3260,8,33.5522771040285,-88.0434216405819,1.11352842118893
3260,9,33.4769184450858,-88.9539523720789,1.14012728956432
3260,10,34.1615521203756,-87.7854379339436,1.12835003070682
3260,11,33.8071683758431,-87.8271225852632,1.13800656967137
3260,12,33.7576104897132,-86.8315601374284,1.17737287972625
3260,13,33.9289162741311,-86.7357590320704,1.15268205068799
3260,14,33.8035381351353,-87.2231885295331,1.19856543860487
3260,15,34.1695185577364,-86.9370380055461,1.17764243954941
3260,16,33.7962753624171,-87.1412569568751,1.24306300060231
3260,17,33.8381012926565,-88.1425204713422,1.26348819966835
3260,18,34.2818706621473,-85.9651309672123,1.25361294197504
3260,19,33.5468067846363,-87.0839728849037,1.3167414460084
3260,20,33.8999007192881,-86.8605870739959,1.30688019902582
3260,21,33.7782609781904,-86.6333395140096,1.30082196970915
3260,22,34.3244496703867,-86.7929573622316,1.33382172105502
3260,23,34.3114200328528,-86.7526618942586,1.39053609587337
3260,24,34.2561919926321,-86.9744208804424,1.35502794946636
3260,25,34.3995137411141,-85.8634861127483,1.40517859892913
3260,26,34.4449093737472,-86.6130638542966,1.37557128806021
3260,27,34.6115257772175,-85.9721771088389,1.46623334000626
3260,28,34.307401168745,-86.7723097176713,1.47803379249026
3260,29,34.1568307463365,-86.5976123060592,1.52362580073289
3260,30,34.5692756378026,-86.4325731822304,1.4821192022881
3260,31,34.3488601401882,-86.5411377793614,1.4702792648515
3260,32,34.477904400063,-86.900211668204,1.49069329686237
3260,33,34.5670769103083,-86.0278113551744,1.54044477005852
3260,34,34.1156857389096,-86.5498644816648,1.52703905289716
3260,35,34.0365951319728,-87.1125816078684,1.56668851804554
3260,36,34.7541033346899,-86.5750288894906,1.65003298643061
3260,37,34.3904413162347,-86.2887339544564,1.63131383818231
3260,38,34.5136254502582,-87.0010790313311,1.72515902908168
3260,39,34.4639856748411,-87.1352398132875,1.71743332850794
3260,40,34.6911963018652,-86.5951782069584,1.74713138541739
3260,41,34.6903490761877,-86.5510300261829,1.77203903321408
3260,42,34.5821712216565,-86.8166476285256,1.79120318426265
3260,43,34.5858090319762,-87.0697087754055,1.806225698492
3260,44,34.6836431095883,-86.6225856614157,1.86394526855848
3260,45,34.6916677857601,-86.9095948140866,1.882544838488
3260,46,34.6690224853478,-86.9208899785656,1.92758383712472
3260,47,34.6875660426176,-86.890876360995,1.91195765833837
3260,48,34.637523825576,-86.9731640542882,1.9818038805592
3750,1,39.1328708877639,-96.0099194564207,0.997816233997139
3750,2,38.9400284872534,-94.9517369214681,0.996912065314464
3750,3,40.0734539193624,-93.6448210522205,0.990463954534767
3750,4,40.926571778666,-96.838519879005,0.989572360646532
3750,5,40.1453499524077,-97.3272149678384,0.989702755112546
3750,6,40.6780388048076,-98.7466170804921,0.991026540556419
3750,7,41.1383756901284,-97.6253951207533,0.983927338869828
3750,8,41.5608843412511,-96.7701519167226,0.981322390733164
3750,9,40.0777929119244,-96.5597803084584,0.981560324616206
3750,10,40.9982514417577,-95.5109713518537,0.967864904944246
3750,11,40.2086818223751,-95.1822664741106,0.976386005748193
3750,12,40.6880297208466,-96.681981077144,0.984621804140751
3750,13,40.8100774732057,-96.4927582676064,0.982344234576459
3750,14,40.1956006345078,-94.6282664590444,0.97135537561763
3750,15,40.5045160037115,-93.9244107979758,0.961711136185349
3750,16,40.6847214175397,-97.872066260519,0.980881171302284
3750,17,40.4687837289559,-93.4312104385585,0.953904006235562
3750,18,40.0080111750552,-97.2668818168631,0.978040790879775
3750,19,40.5149423721832,-97.3183668695513,0.96577184486823
3750,20,40.1082870157905,-96.2712680666645,0.973891753557409
3750,21,40.5967505383343,-95.9777657540789,0.977945023618656
3750,22,40.7901291380894,-98.9177105094282,0.979826054279499
3750,23,40.8448444497566,-96.6628859485302,0.97303653859786
3750,24,40.5839862096802,-98.2444470777057,0.985055214653883
3750,25,40.3175691325694,-98.0528857742802,0.978163407139803
3750,26,40.5906970940215,-98.0629542810152,0.978659388192827
3750,27,40.4794997968656,-98.6005408805794,0.977861564548479
3750,28,40.2785421863128,-97.8979870282352,0.988154336220653
3750,29,40.5657531017803,-97.1992920546462,0.980568284714532
3750,30,40.6124535622451,-100.68087671109,0.990827846817041
3750,31,40.405266647254,-98.2134731525765,0.996653945610816
3750,32,40.02466354486,-97.564850600903,1.00923315595276
3750,33,40.069219474731,-97.4854142855913,0.982995845439864
3750,34,39.5364140342358,-99.3395183877591,1.00467067679822
3750,35,39.3939068733144,-98.6518033811687,1.02186617913032
3750,36,40.1375291767779,-100.007481245794,1.0129418033208
3750,37,40.2277183693856,-100.67273176415,1.00478699552698
3750,38,39.5272352099972,-98.940674160403,0.982269363583361
3750,39,39.450696651459,-99.7993201886084,1.02824230028378
3750,40,39.6250544642709,-99.168942100176,1.01630867576122
3750,41,39.7806552938311,-100.100428340187,1.00055580058877
3750,42,39.9771091134917,-98.2800935061806,1.04920414860021
3750,43,39.0411816410502,-98.5861517800792,1.02410321905994
3750,44,39.7272345227604,-99.7160856189069,1.02792031905486
3750,45,39.7254924463879,-100.757719507105,1.07901242100485
3750,46,39.218244955024,-99.9636676315866,1.03443993179113
3750,47,39.4686130956299,-101.386072677413,1.05119658074481
3750,48,39.7186148569064,-101.387069734967,1.03163972964587
3850,1,32.8126369524618,-101.32238850332,0.998052928734961
3850,2,33.0684424185547,-102.743458999267,0.994632130153481
3850,3,33.1561757577855,-102.825344407532,0.9957046055093
3850,4,33.4796831939323,-102.220824237237,0.991522945364659
3850,5,32.9703056086412,-103.620964361519,0.996502202692274
3850,6,33.6196532834163,-101.662709256829,0.985884654569212
3850,7,33.5706592809093,-100.780983194433,0.992021336262663
3850,8,33.4857902523256,-103.052993469843,1.00490631379258
3850,9,33.2994735418517,-101.911979959171,0.9822035439333
3850,10,32.7825233448955,-103.552608654245,1.01352784055208
3850,11,33.4085242452121,-105.264529681584,0.980604823119813
3850,12,33.220440965729,-104.553375978452,0.99700157553524
3850,13,33.3580370091331,-103.527536404329,0.950470019378929
3850,14,33.1315721290487,-103.503802515907,0.976172350543582
3850,15,33.3541957584517,-103.152456762618,0.972206523617966
3850,16,33.9099764341055,-104.06303732902,0.956964920478246
3850,17,32.8779916104146,-104.179184046775,0.994218869817649
3850,18,33.1515118914756,-104.050091317123,1.01057278682462
3850,19,33.1382319733872,-103.139582651039,0.972578413749196
3850,20,33.3945592093872,-102.932067539685,0.968138220980479
3850,21,33.3360403378355,-104.382267201235,0.950184015914475
3850,22,33.1757197799026,-102.912394035653,0.962427966877035
3850,23,33.0994655494673,-101.303530285084,0.971204785625271
3850,24,33.5201649398251,-102.191720135665,0.960762930861878
3850,25,33.359553886818,-102.375020201865,0.990625837043524
3850,26,32.6477962410878,-101.877784226025,1.04504043383105
3850,27,33.4864999937734,-102.591190345634,0.971357165821395
3850,28,33.029343823692,-102.105909483097,1.04803208794862
3850,29,32.5116394311601,-101.80203795895,1.10878352273959
3850,30,32.5633921945125,-101.777535289984,1.06750901875704
3850,31,32.8234248936172,-102.438915512891,1.06743785469385
3850,32,32.6748626092286,-101.329609728142,1.0767613011362
3850,33,32.762937313949,-101.666606877845,1.09849140869721
3850,34,32.5509679160462,-101.311952099215,1.1342895777112
3850,35,32.6260606264656,-101.468747401294,1.12383597039782
3850,36,32.6504530309406,-100.944151855009,1.13170413842771
3850,37,32.5612876488904,-101.205370964052,1.11342837614051
3850,38,32.8358814677297,-101.617737856337,1.13458959060341
3850,39,33.4721778506979,-102.430594862367,1.00022548861826
3850,40,32.4907854555948,-101.906611262598,1.14095445343964
3850,41,32.9687498880932,-101.084111713975,1.12317872986727
3850,42,32.863577373156,-101.318031404919,1.13694356501884
3850,43,32.9170020585695,-100.69790545587,1.17447714598353
3850,44,32.5216897319682,-101.208680580346,1.17700723136631
3850,45,32.6249008430205,-101.284345938569,1.22143110007568
3850,46,32.8169903044286,-101.346346559814,1.15556817561295
3850,47,32.6868166224248,-100.662002887294,1.18299200354905
3850,48,32.9258973941291,-100.966051284488,1.16975936101954
3930,1,41.0314360245924,-90.1655937502128,1.00040703797407
3930,2,40.6689224497737,-90.64806927543,1.00151233580776
3930,3,40.2788814250619,-89.7983429913292,1.00490961998545
3930,4,40.8397803093465,-90.4589448376756,1.00443188112128
3930,5,41.2778182151814,-90.7190011609039,1.00377450866212
3930,6,41.1579055762364,-91.3088221695624,1.0094059991811
3930,7,41.4195145900896,-91.2631678304369,1.00452659878339
3930,8,41.101897200391,-89.9248151185731,1.00844117197088
3930,9,41.078279534901,-91.485327394873,1.0027217866592
3930,10,41.107339741346,-91.4964434385815,1.0077293311961
3930,11,41.1392599541105,-90.2518677701987,1.00700665707549
3930,12,41.5504230639775,-91.3008243768936,1.00471705304771
3930,13,41.4805646998721,-90.7827336021976,1.01488812854153
3930,14,41.2812300456487,-91.7803785071389,1.00649424009066
3930,15,41.7569773328173,-92.000203702701,1.01689734539456
3930,16,41.6856416320863,-91.4509315503961,1.00839294695103
3930,17,42.1674980633303,-92.4625740254174,1.01082376558992
3930,18,41.5870411216886,-91.7982115797052,1.02438527242146
3930,19,40.9975178776396,-90.6349129585081,1.02084494933641
3930,20,41.3598642219115,-91.8113504609967,1.0338754021153
3930,21,41.9590027592582,-93.114762785743,1.02063054068754
3930,22,41.4827534646878,-92.7224852587128,1.02968489394062
3930,23,41.4749590098573,-91.7207980730517,1.03082817949027
3930,24,41.5848471257468,-92.5200560930715,1.02988145045586
3930,25,41.5702654949162,-92.446166848771,1.03657623726929
3930,26,41.3084501915962,-92.3156515682687,1.03247743447009
3930,27,41.6147293303928,-92.1595678038399,1.02797529019319
3930,28,41.9185358565128,-92.1560496343359,1.03993120921855
3930,29,41.8128101538807,-91.3436321639965,1.0435452810244
3930,30,41.4177999112965,-91.6466776356455,1.04087403110277
3930,31,41.6098274607158,-91.9569732560686,1.04698644485518
3930,32,42.0482186355587,-92.7170794814115,1.03950490727408
3930,33,42.2294740016236,-92.2651611923541,1.06267030063875
3930,34,41.988030082314,-91.7739017257007,1.06786956692265
3930,35,41.7837787946317,-91.9492002375794,1.07134939105283
3930,36,41.578755438905,-91.6723349855033,1.06791345050271
3930,37,41.9839246052793,-92.18571412815,1.07039044209168
3930,38,41.4601028119171,-91.1382810989685,1.06768728670803
3930,39,41.8928289202043,-91.6442006892825,1.07459837318191
3930,40,41.9702688223006,-91.4451901176108,1.08686815238507
3930,41,41.879630759238,-91.3057758137845,1.09103292130663
3930,42,41.4231299140247,-90.8729899615865,1.08720402749259
3930,43,41.5623375573038,-91.5128169252446,1.08793215465629
3930,44,41.8574771420973,-91.4175017163441,1.11020673320847
3930,45,41.6971688289338,-91.9410331427994,1.10096390031342
3930,46,41.4817438350724,-91.2894345243747,1.11862011837784
3930,47,42.0626527445333,-91.71078982802,1.13485892642671
3930,48,41.7644970040629,-91.5721506699774,1.11735722235126
4050,1,39.1420166145817,-88.2681866528776,1.00510571903282
4050,2,39.4190847175716,-87.8978218421842,1.01177673617068
4050,3,39.4019277995821,-89.2835832462162,1.01708490786632
4050,4,39.5676368777893,-89.728028283727,1.0232095162083
4050,5,39.5056862255644,-89.7273071991881,1.02971676456589
4050,6,39.486773712362,-89.2128216158339,1.03306450664067
4050,7,39.2303350941616,-89.4762613197237,1.04083232340698
4050,8,39.3537182223923,-88.9957678878795,1.04901597962023
4050,9,39.6078655881049,-89.6899651171145,1.05411965320971
4050,10,39.5589325948976,-87.5157719824706,1.06744367138123
4050,11,39.6311702489722,-88.9589119027642,1.06916595225285
4050,12,39.7727136275976,-88.642230266027,1.07517899446796
4050,13,40.4363652745474,-89.8268175991108,1.08045491656856
4050,14,40.572510209889,-88.8993028426149,1.09411946931651
4050,15,40.3963847064758,-89.0434483181343,1.10146742520315
4050,16,40.1015249675616,-89.8659954096502,1.11421059951321
4050,17,39.9166423227662,-89.8913607163474,1.12062508100807
4050,18,40.412590105314,-89.2235297754123,1.13955208883303
4050,19,39.9146745875097,-89.4530631332369,1.12950664938929
4050,20,40.2687953620469,-88.8556886446879,1.14822282221813
4050,21,40.1220643121914,-90.2534504742977,1.16017268399149
4050,22,40.1779283232495,-88.8513744689755,1.17604393257872
4050,23,40.7546850395003,-89.2387330604609,1.18660892219079
4050,24,40.6742838835967,-89.4470032568485,1.21226686875199
4050,25,40.5391186813315,-88.8683191542736,1.19901860040231
4050,26,40.4875029734254,-88.4345820473474,1.22575332033893
4050,27,40.9276330806398,-88.9278919509469,1.22661942487029
4050,28,40.5885448894268,-88.6909501163662,1.24681145637796
4050,29,40.6372746409671,-88.4825407727471,1.25323119800136
4050,30,40.7100344385829,-88.934258721326,1.26936950183143
4050,31,40.7692885924426,-88.9556125496426,1.27894886835239
4050,32,40.9829578215164,-89.1744627949965,1.29354126773947
4050,33,40.8376324646923,-88.4846185135609,1.29849552431178
4050,34,40.724435763004,-88.5087231610591,1.32226831282534
4050,35,40.898624702303,-88.9044552353683,1.33170554455853
4050,36,40.9014192802461,-88.830811977683,1.34643126998339
4050,37,40.807155094968,-88.7806141570832,1.36751593471001
4050,38,41.0172238887364,-88.9427048722048,1.37709511736765
4050,39,40.8163299201231,-88.7066574458172,1.39223332472382
4050,40,40.9986320410622,-88.9564219351302,1.39848274075046
4050,41,40.845599615102,-88.2274750669904,1.42268698743107
4050,42,40.8782040559931,-88.2211993138455,1.43032814276532
4050,43,41.0380473046817,-88.3503302937887,1.43792222332409
4050,44,40.9842737758953,-88.2615059955673,1.4632350398027
4050,45,40.9213290817818,-88.1759428937079,1.47045835427329
4050,46,40.9734801517675,-88.198240714133,1.49339688627101
4050,47,41.0667224575779,-87.9140884621679,1.51048819793391
4050,48,41.0024667093931,-87.5502949477593,1.52316279663294
4090,1,36.5625493183521,-87.2183611958036,1.01347922017008
4090,2,37.0543774138233,-86.7044317786026,1.02789900037091
4090,3,36.6956741716771,-86.8591147941088,1.04102665668971
4090,4,37.11742525246,-86.6580848917655,1.05882267820466
4090,5,36.967727685519,-86.9429286981105,1.07238593138806
4090,6,36.8308847247978,-86.6578906908065,1.08801512917592
4090,7,37.1020963505919,-86.0075238133678,1.10942713472784
4090,8,37.3225465853866,-85.739421631993,1.13223034352327
4090,9,37.0091195881339,-86.0274836405365,1.1467570413243
4090,10,37.5483403914862,-85.3700959806652,1.17692559562046
4090,11,37.3099404152321,-85.5266930679474,1.1985195322252
4090,12,37.5908173688205,-85.6007071212284,1.21438243011622
4090,13,37.2453144885389,-85.766073993486,1.23199938376314
4090,14,37.5298383070865,-85.9126947544453,1.26243096476428
4090,15,37.5570145775665,-85.8437729795627,1.27484166974846
4090,16,37.6081560619046,-85.4865446365682,1.30707513114155
4090,17,37.923211270034,-85.0368055592666,1.33368221862184
4090,18,37.8604145931381,-85.7142264222935,1.35061811174075
4090,19,37.9679060635282,-85.3520722167531,1.41023432959111
4090,20,37.8688334469927,-85.2862097519966,1.41377554708349
4090,21,38.0431318394215,-85.4904538401157,1.45526511397523
4090,22,37.9663543890248,-85.2235385415136,1.47415427473108
4090,23,38.1262848401452,-84.9453944431982,1.51013911787415
4090,24,38.2024017498968,-85.1696524197956,1.54157300296002
4090,25,38.484231746863,-84.945221841624,1.61399602161511
4090,26,38.3374377598421,-85.2931348214326,1.60586671926826
4090,27,38.5645818252367,-84.9696643015492,1.67997665340795
4090,28,38.4990991287217,-84.6387681540936,1.73100078657696
4090,29,38.7390104013802,-84.2618186313535,1.78380208377556
4090,30,38.6938287146184,-83.9496459382393,1.82825538101552
4090,31,38.82398551292,-84.1224645493209,1.87814060705177
4090,32,38.8800473395813,-84.187100021278,1.91711904444927
4090,33,38.9073003555886,-83.9522339566072,1.97029121796463
4090,34,38.8507957074624,-84.0366222362733,2.00457791790908
4090,35,38.8864302541814,-83.9657304775833,2.05500321451689
4090,36,39.0207224624991,-83.9027089725327,2.08685584867763
4090,37,38.984760640001,-83.7539274054091,2.14776753802335
4090,38,39.0604610767542,-83.8295255851683,2.20866250163378
4090,39,39.093965908061,-83.7569587618591,2.2661854647371
4090,40,39.2108812025923,-83.5154290652304,2.32225603419636
4090,41,39.1840865919661,-83.5501488381978,2.37151548207154
4090,42,39.2161481689847,-83.4788322181879,2.43474762243565
4090,43,39.2479880390648,-83.4072907604697,2.50027690417791
4090,44,39.2795990090689,-83.3355431271185,2.56819503253778
4090,45,39.3109741483374,-83.2636079754766,2.63859762840147
4090,46,39.3581671647979,-83.1458021560546,2.73655735456293
4090,47,39.3729905546483,-83.1192495795804,2.78725934233321
4090,48,39.4036193159762,-83.0468634129215,2.86573089600458
4780,1,43.3536208582243,-118.383007706012,0.995739148687021
4780,2,42.6599190741332,-117.932310791837,0.992036703359154
4780,3,42.6478316075362,-118.479031079239,0.983137513409244
4780,4,44.4481002029995,-119.38612645588,0.978079010359072
4780,5,44.1185020855499,-119.577576306219,0.983718957365744
4780,6,44.2842993314994,-119.21602606851,0.97948300319932
4780,7,43.4860851766149,-118.737645172001,0.978902082054773
4780,8,43.230694717503,-118.30264566441,0.976711848720385
4780,9,44.027315783518,-118.99768917597,0.963262083638479
4780,10,43.7928768920396,-117.948378807562,0.967860517046621
4780,11,43.5234913895321,-117.155851253326,0.969879310082255
4780,12,43.7357372465054,-118.357491185451,0.973662621739199
4780,13,43.5497566836934,-117.203903959614,0.965294694771515
4780,14,43.5626341412386,-117.227493662466,0.963096047981981
4780,15,44.4975520827834,-118.456504277625,0.956756715054824
4780,16,44.5061125675684,-118.474422137965,0.954425509744522
4780,17,44.7538884981442,-119.721637073348,0.946310033754153
4780,18,43.9040390594659,-118.010011493504,0.939529911791675
4780,19,44.3849279875418,-118.728425384415,0.949557629654725
4780,20,44.1520249305339,-118.529728307465,0.930968444784599
4780,21,43.5539096846151,-118.226707996219,0.919443996046132
4780,22,44.2079041447503,-118.899810997061,0.920295816784043
4780,23,44.1515504959224,-118.388365953359,0.926144535222381
4780,24,44.0656660048046,-117.90501661285,0.92311173144441
4780,25,44.110311375509,-118.092870488467,0.918146478285288
4780,26,44.2260244952161,-118.643700215146,0.916682476240959
4780,27,44.2035198047903,-118.66699655555,0.903623778402368
4780,28,44.215626078226,-118.689608900756,0.901144579734359
4780,29,44.2175230643894,-118.488914332853,0.913501647986074
4780,30,44.3442164362146,-118.332634388716,0.928463124775915
4780,31,44.281122371908,-118.728970094327,0.906650439686062
4780,32,44.1855749145153,-118.214141373893,0.903584289917793
4780,33,44.3016387609283,-118.760759924049,0.90308221783395
4780,34,44.4295675731947,-118.707922142561,0.927647829688075
4780,35,44.2759009741716,-118.578297956248,0.903082887704983
4780,36,44.2242731896137,-118.277306196966,0.89659427852377
4780,37,44.2938467466823,-118.605792689915,0.900069729864193
4780,38,44.3888698380776,-119.227191621791,0.885213119405469
4780,39,44.2514560259069,-118.321959968543,0.89194410889553
4780,40,44.3672865916527,-118.862319213436,0.892457784841228
4780,41,44.4172641306834,-119.279984495225,0.880319838411357
4780,42,44.3647598453282,-118.97652077285,0.872833559413446
4780,43,44.4926321947802,-119.581554421802,0.872862500200397
4780,44,44.5019807693428,-119.599225128448,0.87140537657392
4780,45,44.4089396289948,-118.926290965753,0.886530213451433
4780,46,44.4168021806473,-118.938288927142,0.88550125459397
4780,47,44.5488733457411,-119.063404802003,0.913259360170899
4780,48,44.324725383224,-118.443098778886,0.880823269461354
4860,1,43.1388079575124,-100.965288936286,1.01237452246651
4860,2,42.9898348108717,-101.546012145422,1.02386945975741
4860,3,43.1451264953141,-101.705562400191,1.04086547439306
4860,4,44.1065854408222,-103.106488970688,1.05645970494536
4860,5,44.1771310426383,-102.823921981929,1.07374554593827
4860,6,43.1814630481399,-101.689535347456,1.08264230920669
4860,7,44.3820915998262,-102.333901083643,1.11250574828544
4860,8,43.5101998924781,-101.159206094386,1.11533466166249
4860,9,43.9958170105651,-102.204708880561,1.12541484770785
4860,10,43.5169711362834,-101.094704120667,1.15422772860695
4860,11,43.4454603438549,-99.6755503708707,1.15630502831427
4860,12,44.1133220608294,-100.922802867764,1.23056042476359
4860,13,43.7218945596261,-100.549952749076,1.22130779938315
4860,14,44.1690652445808,-100.799378555801,1.22632891583628
4860,15,44.7802913305642,-101.810095504391,1.24975085080934
4860,16,44.73166442341,-101.208007334602,1.28896859822975
4860,17,44.3823618606143,-101.74071862992,1.28426392690581
4860,18,44.6142074758311,-102.199262169106,1.29637376457864
4860,19,44.8322714879108,-101.810342928512,1.35216844564052
4860,20,44.9563986560678,-103.437009322072,1.41779179138776
4860,21,45.515500140267,-103.231872901482,1.47343455636379
4860,22,45.653761496821,-103.34590322804,1.50390314986803
4860,23,45.3381263928118,-102.003596119739,1.5032696486551
4860,24,44.8681850897481,-101.983939081603,1.48945468517402
4860,25,44.8134598028872,-101.526330973087,1.53763595095279
4860,26,45.3251955836395,-102.401169554992,1.61187914197936
4860,27,45.2993586584096,-101.703123360548,1.67291969127494
4860,28,45.3135130604187,-101.436356428664,1.68759941188251
4860,29,45.5436099873295,-101.946118719026,1.71958314540155
4860,30,45.6652733106438,-101.867518431048,1.78499252497334
4860,31,45.5622462075556,-101.588292725978,1.82961135534844
4860,32,45.6276784315234,-102.159361932692,1.89476782251893
4860,33,45.5909755205353,-102.359931707383,1.96342419634924
4860,34,45.6708921324071,-102.777549974741,1.99244021776773
4860,35,45.7809891709092,-102.070201195898,2.0691986321849
4860,36,46.0348877117729,-102.616584148224,2.18082362674543
4860,37,45.9228629844758,-102.371722625959,2.17828515978656
4860,38,46.0174827990432,-102.454346503102,2.23300562645501
4860,39,46.1525446573544,-102.51195259218,2.31482361879017
4860,40,46.1961077965214,-102.681983124961,2.38386305653815
4860,41,46.2067671598883,-102.651409988732,2.456335917573
4860,42,46.2535167565467,-102.47467322644,2.49407399086271
4860,43,46.3155108497575,-102.574346278971,2.61642497530151
4860,44,46.5137842404086,-102.901070906165,2.72423354023365
4860,45,46.505897001822,-102.623206661228,2.78695662053984
4860,46,46.5125333822325,-102.696791799318,2.87137351987016
4860,47,46.6338170955902,-102.864539450656,2.97309881373525
4860,48,46.694348155273,-102.858178569888,3.06337443359527
4900,1,35.0239528701541,-82.8893393594468,0.992606958441451
4900,2,35.4523192039109,-82.7561371942449,0.998378311665733
4900,3,35.5096822095229,-82.3962333409796,0.993609290872361
4900,4,35.7717162053049,-81.9146607017033,0.993719859139713
4900,5,35.3296736722628,-82.8399131348176,1.00415420984966
4900,6,35.2025114209769,-82.7783560285147,0.981050761959401
4900,7,35.5271598726402,-82.3917844175892,1.01060738611062
4900,8,35.305499904925,-82.7272081014293,0.997366770105539
4900,9,35.6018981398785,-82.5407830445511,1.02389794151558
4900,10,35.9680529509944,-81.8558031588207,1.026062265752
4900,11,35.7508850361345,-81.8164226650265,1.02475657307433
4900,12,35.2717513593583,-82.4065776403593,1.01517494759225
4900,13,35.7781951630938,-82.4286836479364,1.00621126495621
4900,14,35.9433405931691,-82.1866934547198,1.06050882522749
4900,15,35.8093120737651,-82.9023925762264,1.06126676507693
4900,16,36.0257497299797,-81.9936883563721,1.05069255993913
4900,17,36.1844790062307,-82.1462820394309,1.10834296058114
4900,18,35.4674920847329,-82.2291824063219,1.01982398472102
4900,19,36.1777227030913,-82.8392613342077,1.08466212242053
4900,20,36.0289034509636,-82.7239934190812,1.09808618479414
4900,21,36.0077589415815,-83.0259416562961,1.08499267787517
4900,22,35.61593534364,-82.9992220443088,1.09565389189771
4900,23,36.2688805967192,-82.2989854913877,1.15685858770356
4900,24,36.1489679283304,-82.4801219800385,1.13381083580731
4900,25,36.2184613384196,-82.7045448576828,1.11597167348699
4900,26,36.4637784357473,-82.3883605011063,1.13589273775249
4900,27,35.9574131556903,-83.5512068981742,1.16898269299488
4900,28,36.0939951951167,-82.9888306764331,1.12594948361745
4900,29,36.6271310856172,-82.9390292953389,1.23318564829485
4900,30,36.5695696141,-83.1609720843597,1.21460205323622
4900,31,36.3796309712176,-83.2087657475881,1.18802586372224
4900,32,36.575157121366,-82.9921441586447,1.23328407978905
4900,33,36.5935107201398,-82.9997604047639,1.24749518968485
4900,34,36.7138802684966,-82.9071481186974,1.30164429752982
4900,35,36.6057897986061,-83.505197264518,1.32872277367858
4900,36,36.5886738143673,-83.7369769324654,1.26808349214925
4900,37,36.4564609477585,-84.0048065219837,1.33937286220935
4900,38,36.7469937081763,-83.2398139569078,1.35035992137293
4900,39,36.5552104817609,-83.87125062597,1.33307669625113
4900,40,36.609359158202,-84.1240512976337,1.34633994021982
4900,41,36.500561335807,-84.0779852001262,1.37162695676267
4900,42,36.3294431373685,-84.5341026075723,1.36780955010317
4900,43,36.667918207503,-84.0540289577543,1.43831603541815
4900,44,36.7730264166397,-83.6649303463114,1.4381446248421
4900,45,36.8092185272179,-83.5147700498949,1.45596272634702
4900,46,36.7542390393614,-84.0464871865418,1.484526858102
4900,47,36.7640259429638,-84.0581324933606,1.54143601067299
4900,48,36.8198567613871,-83.9773214763377,1.49111499237624
5120,1,32.0783000966748,-99.4687457853937,1.00483468239376
5120,2,32.2895665074384,-100.803313181577,1.00021569175782
5120,3,33.2787749405554,-99.8271962519677,0.989043037621993
5120,4,32.811305806909,-100.09481185624,1.00222677505577
5120,5,32.9045586249463,-101.415810073799,1.04913353667314
5120,6,32.8638767870271,-100.855671469876,1.01858827502494
5120,7,33.4095607069064,-100.779577448004,1.04441911314392
5120,8,33.1074835058035,-102.232541863111,1.05061096320294
5120,9,32.8716084620473,-101.960278710967,1.08159935657828
5120,10,32.4631881942012,-100.255138908829,0.991269283135151
5120,11,33.1027849539524,-102.953617294321,1.05952535565334
5120,12,33.5080582929728,-103.882855926046,1.05921925017353
5120,13,33.2797584538141,-103.868007647662,1.06424574664229
5120,14,33.2352969065362,-103.235935712201,1.0957761291285
5120,15,33.7280574029644,-103.330301583063,1.07990496876725
5120,16,33.5640633825307,-103.340594818953,1.15602374429171
5120,17,33.6876352135305,-104.013867882734,1.1346147988953
5120,18,33.1088521524944,-102.837973028088,1.14752377406007
5120,19,33.551350744256,-103.516938387722,1.22263512743021
5120,20,33.5712498588623,-103.334380054995,1.27129545061995
5120,21,33.619847703674,-104.720095130853,1.30370365932658
5120,22,33.7885008521001,-103.607864703134,1.29301618669301
5120,23,33.4269031689398,-103.528073636657,1.32389108009449
5120,24,33.8571045847156,-103.378817967069,1.3099973468813
5120,25,34.006608214572,-104.067367766677,1.43218888723394
5120,26,34.3304154897403,-103.844636337969,1.40519205080488
5120,27,34.0104047962097,-103.78355182332,1.49499788620008
5120,28,34.2993590307873,-103.641103962226,1.49155848247936
5120,29,34.4330406597139,-104.178054517632,1.53198477127251
5120,30,33.9602459577628,-105.043346249722,1.55587588171494
5120,31,34.201493443958,-104.497395355067,1.6617052414768
5120,32,34.8010828785878,-104.963385170189,1.52828183243163
5120,33,34.4603110802537,-105.672419154332,1.67602346019983
5120,34,34.4702692756864,-104.978782210095,1.69356234525531
5120,35,34.1758020687657,-105.173170708493,1.76655023934301
5120,36,34.6183956237398,-105.300969751626,1.74296252508894
5120,37,34.7601194586678,-105.347321287862,1.76237122119758
5120,38,34.3562310815844,-105.764229316433,1.79872576761355
5120,39,34.5665073133513,-105.282910016984,1.87804390226742
5120,40,34.4534440828196,-105.546091177046,1.96482985043812
5120,41,34.7342817229569,-105.846443349096,2.00812159255282
5120,42,34.6236595155232,-105.92198306944,2.04867625409279
5120,43,34.6491100189849,-105.852022132105,2.04558158881608
5120,44,34.383718157501,-105.699676092823,2.18340968838998
5120,45,34.6333763889035,-106.114666118652,2.2435010199901
5120,46,34.5917312924412,-106.719081479093,2.43318420803169
5120,47,34.3130734369601,-106.624727273703,2.44411586772782
5120,48,34.4859566150508,-107.120508614685,2.81438166817771
5300,1,35.1297404542292,-108.317581405082,1.0089822710766
5300,2,35.2869494066082,-111.134240633205,1.00633675639655
5300,3,36.8270907140386,-111.85195657211,1.00661630529273
5300,4,35.6463629500767,-110.508805566892,1.00519076752974
5300,5,35.6889353696649,-110.23338738735,1.0127358405173
5300,6,35.789508177843,-111.034157442654,1.03120206744316
5300,7,35.6637954529592,-109.807318211286,1.02156154184354
5300,8,36.0636000691859,-110.291683978692,1.0460912901117
5300,9,35.2958692327524,-110.328946168725,1.04478094565157
5300,10,35.2219786549688,-109.876235545492,1.0452523215991
5300,11,36.0414378985217,-112.050009462706,1.07418495706731
5300,12,35.2780006228871,-110.059836927755,1.05194200666423
5300,13,35.4137668185604,-110.385918254121,1.05585531568515
5300,14,36.8268229406407,-112.744911184679,1.05948286223006
5300,15,36.4234033261207,-110.935712383991,1.09887576044176
5300,16,35.669986432415,-110.716555007196,1.12203207939747
5300,17,35.8593668254124,-110.7301030086,1.11340590314949
5300,18,35.9223676925146,-111.21116888822,1.20063731115317
5300,19,35.9395577189897,-110.849940650895,1.1452563634536
5300,20,35.9484075684097,-110.702805057503,1.22190320262807
5300,21,36.2420082174802,-111.604347030125,1.15661457605246
5300,22,36.8726862947846,-112.619094951178,1.12727683872703
5300,23,36.261864882447,-112.937529729254,1.14877236750545
5300,24,35.697499703951,-111.230470039775,1.13863575340612
5300,25,35.8657756958756,-110.552343159181,1.1501103254908
5300,26,36.0719756168522,-111.232786506014,1.2680448579904
5300,27,35.9770749941599,-110.673420929416,1.15418741222432
5300,28,35.5777116301811,-110.780257819073,1.19853406935714
5300,29,35.8067372816177,-111.063031281308,1.18082764672643
5300,30,38.4116314618075,-112.187451759376,1.76271434784718
5300,31,36.4728756112036,-111.960784720418,1.39793423628426
5300,32,36.5037902073953,-111.705974978805,1.38611540051368
5300,33,36.6927552458287,-112.239006029684,1.43096444781556
5300,34,36.4747015569657,-111.702159306823,1.51772618660524
5300,35,36.4934277920307,-111.62925260737,1.43732892779107
5300,36,36.4144435326544,-111.759323523003,1.53204019993931
5300,37,36.5489796802693,-111.944543973374,1.52561134867121
5300,38,39.1017902715015,-112.256309747275,2.23449810131818
5300,39,39.4780207865615,-113.048250618111,2.74434409122522
5300,40,39.3774426059841,-112.782967424101,2.8155950525347
5300,41,39.4578942880272,-112.877607526358,2.85201146505117
5300,42,39.6318996937151,-113.069585922342,3.09286101061915
5300,43,39.8316849708282,-112.716974671434,3.09673888870095
5300,44,39.8438562559758,-113.113925480973,3.33318976518052
5300,45,40.0000643159025,-113.345093906773,3.73567086160628
5300,46,40.0271346703785,-113.245877642354,3.57827914250539
5300,47,40.1311659502357,-113.302480076697,3.91275414871647
5300,48,40.2305790575868,-113.353471983149,3.99881821945471
5800,1,31.9628893143203,-100.975445226876,0.986317792189665
5800,2,32.9246612517826,-104.966474842947,0.979832050057232
5800,3,33.0178084287372,-104.183946401554,0.987073122939833
5800,4,33.8368961615842,-106.501809499603,0.984625988616878
5800,5,33.0615321825427,-104.258454692121,0.979665708061644
5800,6,33.2183258611608,-103.963377031632,0.9821243289553
5800,7,33.1682302402974,-105.269547889978,0.978596303105889
5800,8,33.2920213248538,-104.879354990235,0.982152741018358
5800,9,33.0653520161107,-105.067643322119,0.976109734749908
5800,10,32.906443330208,-105.686118932934,0.917631533897387
5800,11,33.0739428003884,-105.206359997409,0.926695594764025
5800,12,33.315756944284,-105.053209498923,0.933095814608936
5800,13,33.134700679806,-105.170258937074,0.97170659923381
5800,14,33.3857526652685,-105.010940306986,0.977483948459181
5800,15,33.1681235928261,-105.213677162349,0.970945048985243
5800,16,33.0370431334824,-105.809450514211,0.958802323501785
5800,17,33.341645763464,-105.52531345497,0.968213289850863
5800,18,33.3662276057969,-107.064413612678,0.875609553045308
5800,19,33.3733184630548,-105.559747597714,0.969005316179579
5800,20,33.6523065489374,-105.731019470041,0.973334592690245
5800,21,34.245965431503,-109.559275440146,0.950849821608428
5800,22,33.7994689459124,-105.300107844168,1.01423488456694
5800,23,33.4686756792219,-107.39682877402,0.84975081377994
5800,24,33.4916346439063,-106.264626994388,0.954417722460227
5800,25,33.6512716302357,-106.808542999123,0.949058243630571
5800,26,33.5176462811776,-105.188162709406,0.913891415442235
5800,27,34.2127537452949,-107.291474698115,0.910874159577908
5800,28,33.4737511696429,-105.663063329886,0.895377838645945
5800,29,33.9950921285167,-108.179676206324,0.952658066284915
5800,30,34.0022189214141,-107.559260835238,0.966806249123148
5800,31,33.7389061347897,-106.385616483355,0.974141908242363
5800,32,34.0149908550759,-107.561426807303,0.972630383084991
5800,33,34.1196895603279,-107.317494977893,0.907923543786708
5800,34,34.0264075773975,-107.558726999133,0.979358878150007
5800,35,34.0354910393366,-108.176385471082,0.971646555256841
5800,36,34.040915713193,-108.170621540147,0.975677573303663
5800,37,34.0459765901675,-108.16340547551,0.979955703746771
5800,38,34.1787964845101,-108.029594938786,0.985579411579158
5800,39,34.0492066018963,-107.531197081924,1.0001250794631
5800,40,34.1479343356444,-106.598375184438,0.945694821689245
5800,41,34.0626719886212,-108.120362036798,0.99954778400371
5800,42,34.2786134186879,-106.581207234076,0.957189797577123
5800,43,34.28174383584,-107.529801695186,1.01561763662474
5800,44,34.2482388658446,-106.833073113191,1.03307256354969
5800,45,34.2833646229557,-107.447951822806,1.02817585665233
5800,46,33.7079864737052,-105.040722244943,0.976630987854872
5800,47,33.6391119239828,-106.841622822359,1.04928005424257
5800,48,34.1798082147193,-107.362067754354,1.04719546611768
5930,1,37.4579808293465,-86.367359790344,1.00782069834319
5930,2,37.5215358660794,-86.7404908705325,1.01350317409069
5930,3,37.6068085690341,-86.4085762368396,1.0229105528657
5930,4,37.5576038019258,-85.8420784447269,1.0295306553298
5930,5,37.6963494162658,-86.0364710826543,1.03579548694593
5930,6,37.922064261059,-86.0247235527495,1.0513533014678
5930,7,37.966097870746,-85.9579365782072,1.06260590195117
5930,8,37.8692265666569,-86.1558117064204,1.06756233086117
5930,9,37.9870998168529,-85.9183402386819,1.08077725174628
5930,10,38.0610575344378,-85.7210280841439,1.09308128975689
5930,11,38.0252399098354,-85.7289505578731,1.10389335314718
5930,12,38.1694337752575,-85.4574485500536,1.11902757888101
5930,13,38.121880206284,-85.7445281664663,1.1279047628557
5930,14,38.42276773482,-85.6816074040864,1.15719128950726
5930,15,38.4397113747477,-85.4349549615761,1.16166905386024
5930,16,38.5187940260501,-85.3225305046567,1.18468590774849
5930,17,38.68139957155,-85.2564378954586,1.20294704454416
5930,18,38.5262829217559,-85.3092913696618,1.21173715828648
5930,19,38.6905988057333,-85.4455363839861,1.24355996745009
5930,20,38.5210538217388,-85.1281970889197,1.22098422681568
5930,21,38.8290906638869,-85.573925766726,1.26616940229299
5930,22,38.7990989579146,-84.8072177236489,1.27855809836576
5930,23,39.1721545653266,-84.968572503978,1.32461199144573
5930,24,39.2311369015158,-84.9417063346497,1.32802345491579
5930,25,39.0041535208201,-85.0753417577712,1.33404491815721
5930,26,39.2580954827304,-84.3553032709624,1.36820333072474
5930,27,39.6261180303097,-84.364639524293,1.41580339968066
5930,28,39.4355795055491,-84.9885150388981,1.43245857252815
5930,29,39.6166318564963,-84.8379061712216,1.48253802125582
5930,30,39.8014678657994,-84.5871353998586,1.50454036064613
5930,31,39.8301408497133,-84.3510609783264,1.5252441993995
5930,32,39.9787211627219,-84.3600813707544,1.55903448053691
5930,33,39.7740879431355,-84.938605221038,1.56107706661421
5930,34,40.1768869182995,-84.3194421544555,1.60686150495242
5930,35,40.1423943626618,-84.7745031527202,1.64276335166614
5930,36,40.325229820529,-84.2340456452392,1.67182962953312
5930,37,40.323224691335,-84.413042308866,1.70453551666339
5930,38,40.4481438565973,-84.1479804329652,1.75713101750954
5930,39,40.4865026833463,-84.4470751464595,1.77172534956093
5930,40,40.5975458801489,-84.2856305299927,1.82436623712417
5930,41,40.6665195705192,-83.9460412252576,1.88396865257577
5930,42,40.6691845514797,-84.1765621922751,1.92542874417095
5930,43,40.7167448755248,-84.3810898416676,1.96257572400612
5930,44,40.8732041447833,-83.6771525009542,1.99551304178555
5930,45,40.9857348481586,-83.9553333202583,2.04697357933487
5930,46,40.9970013506794,-84.1288838428857,2.09587449467101
5930,47,41.0991275538737,-84.1630300310925,2.15413645643373
5930,48,41.15845463354,-83.8845330876463,2.2349252237038
5940,1,31.1135380495336,-99.7503312675597,0.986444332598529
5940,2,30.0868737505449,-99.9442226805747,0.966366823024417
5940,3,31.3503057536482,-101.805770556942,0.992200171901267
5940,4,31.4165213159754,-100.26499990377,0.973312141955914
5940,5,31.7666306596511,-101.919796177547,0.984658233353972
5940,6,31.9624472331377,-103.314234944825,0.939784207602626
5940,7,31.9883182921039,-103.150127860166,0.959524089478716
5940,8,32.0868386415654,-103.47620258587,0.951312976422747
5940,9,32.1012453175542,-103.476886235921,0.947228879753472
5940,10,31.7754222831465,-102.147766185393,0.923874122785535
5940,11,32.2505215603677,-103.635416966727,0.966284409727087
5940,12,31.9261474845473,-103.646925677252,0.942544535698217
5940,13,32.162566977188,-103.477489343988,0.935383885913386
5940,14,31.8315847418996,-103.349253885628,1.03396171437342
5940,15,32.0065765778509,-102.27952735465,0.987409504642441
5940,16,31.9096325696599,-103.31996327645,0.953501342554206
5940,17,31.9023084691766,-102.836716074794,0.989528037859657
5940,18,32.0827680812633,-102.372471459205,0.997561303279374
5940,19,31.8026172141193,-103.603090570643,0.843346028089938
5940,20,32.1995057186111,-102.812517000189,0.981508102071926
5940,21,31.4700890441405,-104.002128019976,0.831977663316602
5940,22,31.4589445056953,-104.883083476306,0.886308227016762
5940,23,31.4793199024009,-104.942814077107,0.883307639361175
5940,24,31.9974174718092,-104.610883127955,0.773169643767348
5940,25,32.3752383181398,-103.444107359294,0.944550514879848
5940,26,32.3059089674807,-103.257058776359,0.875433331751745
5940,27,32.3299565817236,-103.261391410678,0.878234235829471
5940,28,32.4327964568385,-103.424051952734,0.958030042781227
5940,29,32.377678529401,-103.266531456988,0.88549029279246
5940,30,32.1451733195538,-101.586702599492,0.806743554810392
5940,31,32.4248074812204,-103.267018970827,0.89498268617929
5940,32,32.4481132816022,-103.26554143393,0.900581600399924
5940,33,32.4712271786037,-103.262931842862,0.90675788753707
5940,34,32.4941346564336,-103.259203689903,0.913519082145931
5940,35,32.5168213467712,-103.254371971477,0.920873412740605
5940,36,32.5392731001006,-103.248453172866,0.928829805709099
5940,37,32.5614760544855,-103.241465243321,0.937397890383116
5940,38,32.5834167012648,-103.233427561847,0.946588005248357
5940,39,32.6050819471955,-103.224360894051,0.956411205283542
5940,40,32.6264591726204,-103.214287340509,0.966879270418863
5940,41,32.6475362852881,-103.203230277222,0.978004715106847
5940,42,32.6683017695154,-103.191214288794,0.989800799001007
5940,43,32.6887447304364,-103.178265095026,1.0022815387398
5940,44,32.7088549331464,-103.164409471675,1.01546172083564
5940,45,32.7286228366066,-103.149675166161,1.02935691567082
5940,46,32.7305021073851,-102.90102430911,1.13318742239867
5940,47,32.7670972171764,-103.117685822101,1.05935863619539
5940,48,32.7857883122636,-103.100490323811,1.07550036355198
7030,1,36.5632042721736,-90.5237265681586,1.00130521242776
7030,2,36.99148217494,-89.2514269109917,1.00311042844246
7030,3,36.8409861990677,-89.1532796022354,1.00571660271336
7030,4,37.1783087010407,-88.9442781086723,1.00541634293558
7030,5,36.8241104008599,-89.8225246146123,1.0085087624331
7030,6,36.8582908998264,-89.8397732923077,1.00829477564545
7030,7,37.4302354672365,-88.4374107821373,1.01193283935926
7030,8,37.2175046155097,-89.0519364891462,1.01311503427071
7030,9,37.2450015584916,-89.9876278008046,1.02187167995693
7030,10,37.0503627565295,-88.935104236264,1.01877501263322
7030,11,37.04141681859,-88.455022638573,1.01929139277971
7030,12,37.134504351957,-88.996705347675,1.02436527978328
7030,13,37.5340092192952,-88.7226041194845,1.04190897866604
7030,14,37.2044725458327,-88.4863628836935,1.03394500405057
7030,15,37.3439904611426,-87.9621944932168,1.0388345702773
7030,16,37.5471490395195,-87.6196665700612,1.04851494037594
7030,17,37.2458759345495,-89.8176372051547,1.06884980140791
7030,18,37.0381424400491,-88.8526715822251,1.05704024549443
7030,19,37.3851705838814,-88.6102309431486,1.06675127448001
7030,20,37.4314428542889,-88.0067583650738,1.07995933442366
7030,21,37.5999024468634,-88.3813458783719,1.08423815538507
7030,22,37.5791598004941,-88.8427188443347,1.07715897959071
7030,23,37.477798860952,-89.0665825346544,1.11341979511693
7030,24,37.8034276085648,-88.1212948106282,1.10546087388128
7030,25,37.7209971107602,-89.1380215740777,1.11358858158031
7030,26,37.3861273675602,-88.2959774837931,1.11937999347824
7030,27,37.235827838937,-89.6714324254146,1.09116476835358
7030,28,37.4532765960173,-89.7397875630097,1.09167183144736
7030,29,37.343610166216,-90.3180916926146,1.1141347522183
7030,30,37.2282632835906,-90.4031718453498,1.1121907323887
7030,31,37.3991918089114,-90.1029509983504,1.13366218375246
7030,32,37.3593670963396,-90.3726316858751,1.14375827621109
7030,33,37.5901939276561,-89.3805100326366,1.1436074209794
7030,34,37.3279518203046,-90.0900598620596,1.12810379165464
7030,35,37.5239210008062,-89.539021337852,1.13783946097041
7030,36,37.4330792965792,-89.5763473251767,1.14938850060575
7030,37,37.5744660026061,-90.5034723670557,1.17672560334802
7030,38,37.7919553192468,-88.7442705465738,1.26628453252477
7030,39,37.2513246697834,-90.5775137039188,1.18631141858494
7030,40,37.3128694696799,-90.6978443415896,1.19620081119989
7030,41,37.5987914037987,-90.0692333470214,1.24315641636259
7030,42,37.6756282615199,-89.1150053730467,1.31926584934929
7030,43,37.4506183417889,-90.7626294017792,1.22920694597496
7030,44,38.0530645323614,-88.3350837021539,1.37149474048847
7030,45,37.8757567722586,-88.6801914616171,1.35504347290658
7030,46,37.7869274382681,-87.6804113106943,1.37710187070189
7030,47,37.3881665878086,-90.3852219367071,1.29792235705202
7030,48,37.8138017402399,-87.7812773458441,1.42767121491126
7070,1,31.376370227973,-102.184480919222,0.990820441430222
7070,2,32.2438739930236,-104.14447652736,1.00268670377218
7070,3,32.5262091732696,-103.682363405157,0.991373636348216
7070,4,32.1542471488111,-103.728513104761,0.995993709903052
7070,5,33.2218413322464,-104.402959361512,0.971208107969172
7070,6,33.1186629456977,-104.494747793421,1.01238088955046
7070,7,32.6962693546043,-104.09864478209,0.980742601357248
7070,8,32.5385890854477,-103.900265475424,0.989033621243671
7070,9,32.5433519485348,-103.588082371782,0.995311884810905
7070,10,32.5592229341939,-103.396471700872,0.994842130149264
7070,11,32.8198600966201,-104.107872581345,0.997195520473899
7070,12,33.1136038482425,-105.036026963111,1.04314726098108
7070,13,33.5501213797806,-104.237583152342,1.04546581059318
7070,14,33.2473839533571,-104.874913897577,1.03447685124518
7070,15,32.3688332477842,-104.756625794236,0.866197754442105
7070,16,31.7126254181975,-103.719500158526,0.909038658810461
7070,17,32.023271926267,-104.548995376532,0.9266426375294
7070,18,32.6131906632954,-103.7291374485,1.03820016645893
7070,19,33.1365278668135,-104.498952936191,1.05332622373414
7070,20,32.9445329000329,-104.092370743519,1.06626083952594
7070,21,33.8368549538284,-105.299711612281,0.949753688552282
7070,22,33.2816027709481,-104.472003889479,0.903294288540345
7070,23,34.1668551602772,-104.984979418688,1.1731156928035
7070,24,33.6805662118198,-104.18636530399,1.14397348314626
7070,25,33.8401909421051,-104.415030718098,1.16269271359071
7070,26,33.1779017663895,-104.332955925855,1.15150901210724
7070,27,33.787336102605,-104.287896843563,1.19623438969783
7070,28,33.724884709908,-105.271953014343,1.25335052635439
7070,29,33.2952299802833,-104.438502697701,1.20984766583357
7070,30,34.1461521123281,-104.762459503116,1.26995364902765
7070,31,33.923335705838,-104.408858684934,1.28282894471771
7070,32,33.9560193724536,-104.436309075892,1.30785078172666
7070,33,33.449843626651,-104.56101735321,1.30711571433776
7070,34,34.0196410911821,-104.48768598409,1.36236659140581
7070,35,33.5256353421961,-104.613868030102,1.36525882082627
7070,36,33.5630164296637,-104.638114840928,1.3969654459491
7070,37,34.110412746097,-104.555685543468,1.45636085393493
7070,38,34.2293897073344,-104.907974435729,1.45766163519598
7070,39,34.2542606456027,-104.918574804355,1.49188892555637
7070,40,34.209566826659,-104.683878776968,1.66983127582879
7070,41,33.7433780142654,-104.737255129636,1.58531294628312
7070,42,34.248272524635,-104.64431855272,1.65097522931016
7070,43,34.2870204226358,-104.719469985854,1.81235257885064
7070,44,34.3826186587798,-105.012967347529,1.80025956524574
7070,45,34.4796115159526,-105.213938201909,1.81298380246365
7070,46,34.6530002797939,-105.255844613103,2.00289704621604
7070,47,34.6278899538297,-105.244535141284,1.88947472680549
7070,48,34.4502767065989,-104.962285529584,1.89569066123886
7180,1,35.7687739437249,-86.8047395731601,1.01092013987535
7180,2,35.819210990598,-86.2558088956707,1.0230373173902
7180,3,36.0014576416017,-86.1881902678491,1.03421733725587
7180,4,35.8785181863044,-86.2016190722467,1.04325862885585
7180,5,36.050612714103,-85.9704735160497,1.06001510465771
7180,6,36.7631508974042,-85.2230600815754,1.07263796736744
7180,7,36.7858933745671,-84.7419070983451,1.09131138494316
7180,8,36.7057331344987,-85.162925409737,1.09394716493874
7180,9,36.1432684603537,-85.3578300198589,1.12271357167492
7180,10,36.1878829655199,-84.8188349648299,1.13254986880941
7180,11,35.9035637315615,-85.3659934690795,1.14270641081268
7180,12,35.9712436668933,-84.927695329756,1.14033785201215
7180,13,36.0408572309468,-85.3159623476139,1.16833244584772
7180,14,36.1065501198975,-84.5230208439528,1.20795060347708
7180,15,36.3925733666723,-84.4949623576791,1.19583210727942
7180,16,36.1108041562427,-84.9053488168404,1.22454678724165
7180,17,36.536741794711,-85.0495563079437,1.24034199211122
7180,18,36.3970290558839,-84.4904864312134,1.26944711972238
7180,19,36.6805001192254,-84.0982924082726,1.27987646750693
7180,20,36.7744653013905,-84.0914356232037,1.30463779062283
7180,21,36.8350017238303,-84.2770820039215,1.33680088102809
7180,22,36.8172802080518,-84.2701679292416,1.34567042428138
7180,23,37.0862298243166,-84.2646987845739,1.37032753737397
7180,24,37.3515748394552,-83.7848452771075,1.36886884517456
7180,25,37.1601860004323,-84.2994455314391,1.39524987654777
7180,26,36.9383745819041,-84.7110237285213,1.40159022016404
7180,27,36.9032124556093,-84.9707654799002,1.42795303172099
7180,28,36.9732959931859,-84.7657586502723,1.44615451251946
7180,29,37.1165635950146,-84.5676238172146,1.47292819907843
7180,30,36.975114133774,-84.6545219334795,1.49821696087406
7180,31,37.1138506557903,-84.3747497187154,1.51126277947219
7180,32,37.1202765415537,-84.7129291028713,1.52062831068607
7180,33,37.2067506947324,-84.2985644725893,1.56869820165387
7180,34,37.1893418161463,-84.278396033266,1.60339969970462
7180,35,37.2324546664243,-84.3373053751826,1.6200687307303
7180,36,37.2400852866838,-84.5511822080936,1.61264568371868
7180,37,37.147129455069,-84.4787944205008,1.67045599939569
7180,38,37.5523004738776,-83.6655502293905,1.73336698489158
7180,39,37.2972480161654,-84.2296401791078,1.70675274723403
7180,40,37.3267319076859,-84.3859415251129,1.72388133579239
7180,41,37.5659633241456,-83.640830346003,1.81160728611931
7180,42,37.6221851404538,-83.629139435069,1.8608787615008
7180,43,37.3821885869562,-84.0984159149535,1.85476744854395
7180,44,37.7693046336513,-83.2887633028951,1.92297848764804
7180,45,37.7779735170282,-83.2110735668659,1.96252163808225
7180,46,37.7559423447718,-83.2330258524539,1.98384498843057
7180,47,37.5772261062925,-83.80438514516,1.96816962880624
7180,48,37.6538534199035,-83.3871903795558,2.08565695695401
7270,1,40.4549859025609,-87.8816341642652,1.00712189788774
7270,2,40.1127251157261,-88.4200657059955,1.0147447714392
7270,3,40.4201608096405,-87.6788584258502,1.02457723713431
7270,4,40.3030784131053,-87.3597052734277,1.03294175576771
7270,5,40.8067215173454,-88.7035538819434,1.03688876270608
7270,6,40.3893915813729,-87.9557469381982,1.04618813951079
7270,7,40.3714410022015,-87.7512258518367,1.05890714278429
7270,8,40.4987337215754,-89.3923912235364,1.06435722544727
7270,9,40.2734356375002,-88.8634437708653,1.08476752436184
7270,10,40.4293897289346,-88.7935503671313,1.08960296718526
7270,11,40.4037879577798,-87.9606861389011,1.09510025554347
7270,12,40.7336243791082,-87.6655075338769,1.10372936530493
7270,13,40.4493507338722,-88.0314556527969,1.09729509963481
7270,14,40.8342798473658,-88.3735385342996,1.14049219314407
7270,15,40.3269795433464,-88.6001827899415,1.14248782814865
7270,16,40.154796760447,-89.2561119077906,1.14391665625366
7270,17,40.9586598645227,-89.331051473339,1.1783369297648
7270,18,40.4442118655947,-88.9524868934806,1.17577476809661
7270,19,40.442210206093,-88.4525552968659,1.19683620741462
7270,20,40.4298341261232,-89.143816785948,1.21706157386126
7270,21,40.6586497516058,-89.5914560780412,1.19557679797574
7270,22,40.6501382147332,-89.5244571362733,1.24240051849541
7270,23,40.5942355366619,-89.1012978449719,1.2524797387663
7270,24,40.5798358249692,-89.10748352037,1.25864331963612
7270,25,40.8179230539667,-89.7523773974094,1.26587970287963
7270,26,40.9669580515281,-89.9892429934253,1.26423176077285
7270,27,40.926047648499,-89.893221910906,1.29494204937883
7270,28,40.7294325379323,-89.5364996258274,1.34312054213743
7270,29,40.7817130017979,-89.508445410177,1.34189402479897
7270,30,41.030940063278,-89.2160175145074,1.35691764114203
7270,31,40.7492388553144,-88.9631878722623,1.37523492776905
7270,32,40.7264278749661,-89.3251495776264,1.39779602447748
7270,33,40.8926009089432,-88.9721105070175,1.3946530043255
7270,34,40.6308997926784,-88.8596208075677,1.43075070592715
7270,35,40.9098148949305,-89.1287523703994,1.45091497062675
7270,36,40.7065749885904,-88.9731470955103,1.46923522998825
7270,37,40.3325583139807,-88.0704452106955,1.45321500254678
7270,38,41.0048401576086,-89.0716709003772,1.4790559350753
7270,39,40.6139435541313,-88.5771752165865,1.49033060351952
7270,40,41.0608375199618,-89.2909569912498,1.53345270429
7270,41,40.7697583237667,-88.8939089579615,1.5752745887819
7270,42,40.9215016329694,-88.8271773427183,1.56742048729206
7270,43,40.7982765553591,-88.6669586683588,1.63188786366323
7270,44,41.0398666848707,-88.9994505911845,1.60179278800329
7270,45,40.7446939528294,-88.4898497493633,1.66896567736478
7270,46,41.0396259987272,-88.6242391663944,1.63426105178
7270,47,41.199433491874,-89.0719249251206,1.69749192803319
7270,48,40.8066152463441,-88.3817033517057,1.75091555497219
7290,1,32.9362725519371,-85.4420509823159,0.998597944704882
7290,2,33.2919377399684,-85.5776268502432,1.00114569707426
7290,3,33.2305328116867,-85.7810194148496,1.00201244077538
7290,4,33.1668747858463,-85.1825767552391,1.00145816040545
7290,5,33.1158007935167,-85.256566239824,1.00019776880555
7290,6,33.3660002861464,-84.7567646874912,1.01008877081048
7290,7,33.6724630823622,-84.1940878399658,0.997508823126175
7290,8,33.7267105158727,-84.1557294953022,1.00502859684109
7290,9,33.4861357701568,-85.3104471352253,1.01939772556036
7290,10,33.6002913326448,-84.290517753371,1.01276288940987
7290,11,33.3138484289329,-84.9488340165413,1.01723406866733
7290,12,33.5882864552748,-83.7255990796225,1.01532098674329
7290,13,33.7417963251104,-84.6690104285699,1.02814057675142
7290,14,33.7499779859899,-84.904557962237,1.02831200517559
7290,15,33.5883854220372,-85.0967869668377,1.022303085331
7290,16,33.7497738190533,-84.6006583039629,1.04026458438134
7290,17,33.5567795106401,-84.4761269826231,1.02246037331427
7290,18,33.5698329005701,-84.4591267448387,1.02486858361461
7290,19,33.6389374970674,-85.0420874047132,1.03270175922725
7290,20,33.6900388024837,-84.9858671422643,1.03110872360153
7290,21,33.6082118969991,-84.4081587200643,1.03279463231015
7290,22,33.7603481349237,-84.9896943011396,1.04107630041099
7290,23,33.5660229832879,-85.2995805623482,1.05871648553037
7290,24,33.2598572386925,-84.9790823353756,1.02170898929328
7290,25,33.6998385364484,-84.2521513984278,1.0389928119274
7290,26,33.8897282037907,-84.7391663094732,1.07091157266784
7290,27,34.0032588952085,-84.4499464680506,1.05894476340982
7290,28,33.9402585586714,-84.609125514609,1.04602388018376
7290,29,34.0883774665009,-84.6869279951345,1.10886239539275
7290,30,33.7631629685949,-84.1612109236086,1.05597251657478
7290,31,33.7282385479135,-84.238839943069,1.06672824135028
7290,32,33.7892180034276,-84.8600766760302,1.07895359138805
7290,33,34.0217749113462,-84.0360821840871,1.09546431365037
7290,34,33.8846486912638,-83.9294161741359,1.09425620505307
7290,35,34.188955746399,-84.4289209681635,1.12875423904615
7290,36,33.7840934857123,-84.1546818519938,1.08800670082647
7290,37,33.9701373149879,-84.5679965327256,1.08707669736145
7290,38,33.9787108731647,-84.5563635994229,1.09151030475346
7290,39,33.9039681297711,-84.7690442904251,1.11784722697021
7290,40,33.9591648777493,-83.8861703862374,1.09066721882115
7290,41,34.003937745146,-84.5212124298991,1.10546731477694
7290,42,33.9765651384907,-83.8581475877215,1.09992129233332
7290,43,33.9019836908654,-84.7017820682752,1.13289905789049
7290,44,34.1150982947009,-84.527320959436,1.16059638147065
7290,45,33.9212641734863,-84.6726642586912,1.14418748607251
7290,46,34.0104625798083,-83.8021657844931,1.11979087973054
7290,47,33.9401994019499,-84.6434598144308,1.15593954487716
7290,48,34.1081132447578,-83.8041120482454,1.17489011389412
7300,1,41.5766262836759,-115.805059952206,1.00236220309317
7300,2,39.9706552037596,-116.026926506784,1.00981287940553
7300,3,40.6157143448883,-116.369918749465,1.01692336588658
7300,4,42.440824481557,-118.460005732228,1.01308181108263
7300,5,42.3120279464047,-117.850312139498,1.01565744401918
7300,6,42.1375092392533,-117.880015334005,1.01474220934204
7300,7,41.2523734913611,-116.965122893761,1.01446931882771
7300,8,42.2828221324888,-117.580369912202,1.00917894561197
7300,9,40.2714515209053,-116.559852622785,0.960751516230696
7300,10,40.603026138766,-116.846924058866,0.963483666135361
7300,11,41.6435572714298,-119.164215020012,0.998686562140559
7300,12,40.8431673790189,-117.771238203712,0.957337678244169
7300,13,41.4249528063128,-117.580916722882,1.07305078478277
7300,14,41.597195896369,-118.088759336747,1.09700443705701
7300,15,42.0115060441984,-119.470254384203,1.18067205762957
7300,16,42.2922614352126,-119.421847754656,1.16449802768845
7300,17,41.9273397984506,-118.451749552912,1.13335584464653
7300,18,42.3087346475871,-117.579579558469,1.06207853522212
7300,19,40.6898831968625,-117.071960559955,0.958411683264263
7300,20,41.9309723682041,-118.208150730345,1.16369981023139
7300,21,42.1064822484544,-117.710549019797,1.11840509894173
7300,22,42.4723567992919,-117.777235581548,1.10011052100598
7300,23,42.6280406923726,-118.486997692892,1.17618909808207
7300,24,42.2725745713481,-117.867927596873,1.15780610013175
7300,25,42.3310832821481,-117.920005709292,1.17264476400531
7300,26,42.5087587671385,-118.177606614201,1.20051297713819
7300,27,42.5677932446087,-118.221109042549,1.21745635722112
7300,28,42.7671157211995,-118.072895247461,1.18053396871086
7300,29,42.5797536380371,-118.125273931673,1.24155692471981
7300,30,42.5068214854491,-118.364288782866,1.33073035357941
7300,31,42.8167375283467,-118.392831471472,1.29553280492526
7300,32,42.8819184002527,-118.434996857789,1.31786936260613
7300,33,42.9481601234899,-118.476779071877,1.34143834688927
7300,34,43.01539749027,-118.518140193459,1.36629722396311
7300,35,43.0835618412641,-118.559042937905,1.3925063918845
7300,36,43.2409317431609,-118.451414904565,1.34426456049402
7300,37,43.3054012089217,-118.496491755267,1.37036417948597
7300,38,43.2928842751564,-118.678641231492,1.47988679522302
7300,39,43.4370339087223,-118.584700877428,1.42697766120984
7300,40,43.504032770376,-118.627758431455,1.45763026341864
7300,41,43.5717067223092,-118.670071074783,1.48994524502144
7300,42,43.639968672964,-118.711606050623,1.52400121915547
7300,43,43.7087303038731,-118.752332715572,1.55988083976527
7300,44,43.7261050679062,-118.900919242813,1.70077541283327
7300,45,43.7992251899554,-118.935445037516,1.74457199405899
7300,46,43.872381267649,-118.969189734328,1.79062559277165
7300,47,40.7737567311639,-117.758833419812,1.0251962353781
7300,48,44.1883893801027,-118.820735373664,1.96234174755811
7310,1,36.9722143844343,-85.4880970213389,1.0099641520508
7310,2,37.1364533259211,-84.9709873751689,1.02088827325951
7310,3,37.0086941043433,-84.8316601932684,1.03316764815787
7310,4,37.1099481499038,-84.8548456415577,1.0458111701207
7310,5,37.3326735505934,-84.4951716350745,1.0600170676187
7310,6,37.2259295899291,-84.4258519730981,1.07254590663025
7310,7,37.3447007338638,-84.2611936164049,1.08618206446465
7310,8,37.0381308791431,-84.7889010703535,1.09395890813134
7310,9,37.347133011331,-84.2501410026393,1.11585860817584
7310,10,37.3484756402472,-84.2867973078172,1.12741906220821
7310,11,37.586264797969,-83.930350099175,1.14828475597832
7310,12,37.5834068309501,-83.9075915094821,1.16836596985255
7310,13,37.5111499292588,-83.7383588780609,1.17784414409493
7310,14,37.7108526027416,-83.5601729304463,1.20812234651453
7310,15,37.6761974475052,-83.4907164677923,1.22594469911702
7310,16,37.9063233694863,-82.9930041500183,1.2648582677107
7310,17,37.9426756344491,-83.2106015402226,1.27219436359691
7310,18,38.0622078451192,-82.9594393722707,1.30423316521862
7310,19,37.9295328364168,-82.9273445136152,1.31321307878222
7310,20,38.0021073071245,-82.8968734211752,1.3358403746636
7310,21,38.3093891458397,-82.1149723145947,1.39810895817676
7310,22,38.4016630077774,-82.2267982707644,1.41944093763263
7310,23,38.48689051295,-81.9784929036955,1.45331314728598
7310,24,38.3998651585421,-82.1551412697472,1.47024482532831
7310,25,38.5907481817531,-82.0323897485659,1.4993375331441
7310,26,38.6152956209578,-81.822126538157,1.52959728651975
7310,27,38.5036234858394,-82.1225932479973,1.52838099193206
7310,28,38.3926895280245,-82.3119365247467,1.5367266797503
7310,29,38.5395919802344,-82.0458657389264,1.57997656864711
7310,30,38.6377360852778,-81.838068313858,1.62196496604134
7310,31,38.6841191347973,-81.7404295267775,1.65546006359909
7310,32,38.7313589761116,-81.6413672434915,1.69019342319385
7310,33,38.7666687867691,-81.5823559159826,1.72461130776181
7310,34,38.8602506988555,-81.435921084827,1.75404698421159
7310,35,38.868210584694,-81.309827147229,1.80053522942415
7310,36,38.8840292023237,-81.3260947745979,1.82937110877721
7310,37,38.9807160488132,-81.124294729864,1.88455102750709
7310,38,39.1794925992444,-80.6364618712322,1.97768005779265
7310,39,39.0602717618664,-80.872368446096,1.97509099968419
7310,40,39.1669323600166,-80.7977429814868,2.00744617034359
7310,41,39.3831381759713,-80.2132943466105,2.16073320860769
7310,42,39.3671407964246,-80.0869379635631,2.21458242014115
7310,43,39.2948138180351,-80.5383518773463,2.14067326878899
7310,44,39.4861302414781,-79.8307721627408,2.33660903251569
7310,45,39.5969860378364,-79.7830427851679,2.3681830560338
7310,46,39.6077994573843,-79.5700685236089,2.46963433728419
7310,47,39.5644987862596,-80.1321734673532,2.35293792951776
7310,48,39.7600558123328,-79.3768413918954,2.59548670176955
7350,1,44.4999843375317,-89.9825719605888,1.00282513595687
7350,2,44.560253561072,-88.5266701070046,1.00718990592341
7350,3,44.8721358693278,-91.0453083677825,1.00921592678283
7350,4,45.0966973016917,-91.9837379901038,1.00725060320643
7350,5,45.4555381331565,-92.275178805054,1.01537268003347
7350,6,44.6740332158572,-91.0564220129439,1.00929546323784
7350,7,44.9477542967789,-91.2267825124257,1.00871591058104
7350,8,45.1223701495738,-91.1287845914143,1.01770264616965
7350,9,44.7188216550742,-91.2738450753074,1.01711351800398
7350,10,44.8656642879209,-91.45538398602,1.02004278895061
7350,11,44.9650782568091,-90.4394164045403,1.03829333963262
7350,12,45.0127863911791,-90.8610297727115,1.02901780102069
7350,13,45.0106639619344,-90.3200551724133,1.02695374208716
7350,14,45.2430658677634,-91.2679240556565,1.02878006653732
7350,15,45.4748281318362,-91.712031663243,1.04182315495935
7350,16,45.2656875457118,-91.6400157824027,1.04017494666705
7350,17,45.5123170186077,-92.308210251924,1.04622216462394
7350,18,45.586341588217,-92.5401194815542,1.04613698737141
7350,19,45.6293571240614,-93.636133204422,1.04221912587125
7350,20,45.8632361081933,-92.8771823928458,1.05213024702032
7350,21,45.7555608219655,-92.8564730945262,1.0794196077549
7350,22,45.351732867649,-92.3254599169306,1.09715469535492
7350,23,45.3999238689177,-91.6908679874935,1.10387189254685
7350,24,45.6019306379845,-92.0156163702253,1.07089761719543
7350,25,45.4316906886679,-91.8038818904401,1.11413507138936
7350,26,45.6410540332133,-92.6048768277453,1.08022158479648
7350,27,45.6313341105654,-92.1599938094328,1.125194720112
7350,28,45.7325813009565,-92.0245211986704,1.10025750774935
7350,29,45.4548204005705,-91.585590972748,1.14277673311712
7350,30,45.5192756140128,-91.3973717924232,1.14731067422439
7350,31,45.5870252262083,-91.7699336278142,1.16605983175352
7350,32,45.5803742217792,-91.3838717719554,1.16976855385849
7350,33,45.4275698504106,-91.5116052384983,1.19286669667665
7350,34,45.4272682796262,-91.1936585711543,1.22130376124437
7350,35,45.7029355228591,-92.1795805176465,1.14018850508642
7350,36,45.6382028270168,-91.9821376115325,1.1605898807935
7350,37,45.3579971978682,-91.3391231688337,1.23073922095649
7350,38,45.3046538773401,-90.4087982455609,1.26953468980407
7350,39,45.4427885092027,-90.7656339082066,1.29310575551995
7350,40,45.1861973686095,-89.9039772018097,1.28933531529821
7350,41,45.4158123862735,-89.74687508396,1.30774921166936
7350,42,45.36715369602,-89.8559998625376,1.31692940767128
7350,43,45.2857577915276,-90.2528582416738,1.34248640481727
7350,44,45.3040227991115,-90.0170874446932,1.34765873531453
7350,45,45.0599964187176,-89.4236724209166,1.37170448381902
7350,46,45.2272516164788,-89.0711802235621,1.3900269506608
7350,47,45.2115355669703,-89.0952016030638,1.40882884137956
7350,48,45.2213334956612,-88.9016515080546,1.43694928266958
7360,1,35.4317996934583,-86.5509930050048,0.997848309376478
7360,2,35.4957264504585,-86.3413293664149,0.995908885094702
7360,3,35.4443671280351,-86.536052777257,0.993160959404222
7360,4,35.6378801620984,-86.9483536657485,0.989528517236149
7360,5,35.547019448924,-86.7661178942355,0.98918698660102
7360,6,35.5566820243989,-86.7434258689057,0.987346166831949
7360,7,35.7030384017753,-86.7615625345842,0.985519236339381
7360,8,35.5830190589402,-86.6296943242882,0.981241583103693
7360,9,35.581580620118,-86.6281936525006,0.980045647895251
7360,10,35.5061204719859,-86.9737466007324,0.976363954769114
7360,11,35.6352929792143,-86.7301431948873,0.977034828503872
7360,12,35.7065292685376,-86.4719336278104,0.976291615760465
7360,13,35.6759872958191,-86.6740864743195,0.973461984866154
7360,14,35.5625018263709,-86.2561626135038,0.970468566475599
7360,15,35.7312510837072,-86.4032863871462,0.972945759344017
7360,16,35.6115099282402,-86.5175836853924,0.972784781255261
7360,17,35.6558634611417,-86.2214269262181,0.964346074949916
7360,18,35.6296607816489,-86.4702234239011,0.971424841046383
7360,19,35.6320990757608,-86.6102721935665,0.966314502582438
7360,20,35.6410330450436,-86.5859067574092,0.965657562301809
7360,21,35.6499995999026,-86.5615307401287,0.965110401135819
7360,22,35.6589991535176,-86.5371434921503,0.964672865594709
7360,23,35.6680321184439,-86.5127443480072,0.96434483152706
7360,24,35.6623629380091,-86.1102729600259,0.967063767429359
7360,25,35.7784838574357,-86.3823854062861,0.965933823392666
7360,26,35.6953355881789,-86.4394686628732,0.964016934311503
7360,27,35.7045062962354,-86.4150149905736,0.96412624747304
7360,28,35.733048284503,-86.353673146007,0.973116564081705
7360,29,35.7229544605882,-86.3660606047893,0.964672874678987
7360,30,35.7322327125576,-86.341558395163,0.965110317032928
7360,31,35.674815573474,-86.023190158934,0.96047398624541
7360,32,35.7508995150975,-86.2925001333446,0.966313995371432
7360,33,35.745452268005,-86.1739682488719,0.985989892497479
7360,34,35.7697159394591,-86.2433649126367,0.967957114539894
7360,35,35.7791811984567,-86.2187664809631,0.968943965377438
7360,36,35.7886849772853,-86.1941464455666,0.970041334871979
7360,37,35.7982276341883,-86.1695040097373,0.971249502248141
7360,38,35.8078095203381,-86.1448383742165,0.972568775457984
7360,39,35.8174309794314,-86.1201487381244,0.973999491227343
7360,40,35.8270923472903,-86.0954342998873,0.975542015112868
7360,41,35.8367939514704,-86.070694258162,0.977196741569747
7360,42,35.846536110875,-86.0459278127568,0.978964094030116
7360,43,35.8563191353782,-86.0211341655492,0.980844524992142
7360,44,35.8661433254544,-85.9963125213968,0.982838516119791
7360,45,35.876008971818,-85.9714620890429,0.9849465783533
7360,46,35.8633396909895,-85.9004784271923,0.998375182600423
7360,47,35.8958657453565,-85.9216717195106,0.989507107017919
7360,48,35.905857402033,-85.8967302272843,0.991960742855021
7380,1,41.973161449884,-115.399521066991,0.988394672935446
7380,2,42.0461983680456,-115.43912282471,0.978218729436082
7380,3,42.1669390665479,-116.71105485304,0.958907802279313
7380,4,42.6745050147178,-117.104434640577,0.943981082665751
7380,5,43.786689117734,-117.318844273076,0.944564774146876
7380,6,42.8076264298987,-115.940241981344,0.937430426349434
7380,7,42.0375723536386,-116.978011759588,0.918196034871408
7380,8,42.9637558720147,-116.633758193145,0.940831404866755
7380,9,42.5441020092638,-115.976308145973,0.889192683174308
7380,10,43.1006682898669,-116.633426642813,0.881019766609604
7380,11,42.2060769209374,-116.325919187772,0.85487833528798
7380,12,42.5946587536874,-116.424689654425,0.860627717889763
7380,13,42.7426831598812,-116.043904412304,0.868619020733997
7380,14,42.9538139190377,-116.33967475753,0.858242994754798
7380,15,43.2101259669492,-116.612662969846,0.87244301669954
7380,16,42.8631903782301,-116.145328305275,0.866932240212237
7380,17,43.1245629989111,-116.303871417524,0.848068290771174
7380,18,43.0176720492711,-116.215645888622,0.831080963724083
7380,19,42.9906232270727,-116.629706635149,0.813164736545681
7380,20,43.7855242508479,-117.319184283751,0.8024779755163
7380,21,43.6289099585634,-117.082816661784,0.798282366701099
7380,22,42.5711902629411,-116.055070788062,0.786016767358439
7380,23,43.9230883481289,-117.313865198976,0.785532872617934
7380,24,42.6922126302971,-116.177556885838,0.76246904422973
7380,25,42.6996384698914,-116.232676510423,0.779540138586406
7380,26,42.6494903433414,-116.153283717932,0.740497293107404
7380,27,42.7398142461322,-116.267344740104,0.745811233690818
7380,28,42.6838022255023,-116.214582857575,0.729494689103013
7380,29,42.7012247598126,-116.24506920802,0.724356854292417
7380,30,44.1546627948173,-117.62714301302,0.752456059085146
7380,31,42.7366974129415,-116.305727535933,0.714782038727818
7380,32,42.7547838971772,-116.33590278724,0.710335421219536
7380,33,44.1622580529152,-117.65723904948,0.728529802850982
7380,34,44.472536944958,-117.945629659079,0.752616845891227
7380,35,42.8106516896833,-116.425821869895,0.698306056750918
7380,36,44.2667956848805,-117.788683768529,0.718735214551942
7380,37,44.3018146144603,-117.831892296164,0.715876449164239
7380,38,42.9307517824177,-116.586854589552,0.702336587470173
7380,39,44.4557341838922,-118.008605145085,0.725642118547474
7380,40,42.9100750672555,-116.57362916222,0.682398619851782
7380,41,42.9310356635574,-116.602866205536,0.679808859616781
7380,42,44.4783888018431,-118.04298532261,0.704487684275251
7380,43,43.03045568687,-116.727403796506,0.690715239240611
7380,44,42.9962948409886,-116.689873944535,0.673173827859715
7380,45,43.0188767613741,-116.718628728492,0.671332489759972
7380,46,43.0952110380969,-116.810233728819,0.685968169877519
7380,47,43.2428553383831,-116.93563285887,0.702270998456189
7380,48,44.7647323769408,-118.361732443364,0.714217999114795
7410,1,44.8313725762332,-121.931415873674,0.993380615153953
7410,2,44.726125687282,-122.804428342843,0.983922297263232
7410,3,44.8419004551554,-121.94704950838,0.979633210468325
7410,4,47.6693984636706,-124.642658451051,0.973941311533671
7410,5,43.9591725974507,-122.486517102905,0.938286644376211
7410,6,47.683493826419,-124.661419725979,0.961440782936279
7410,7,46.0238877062779,-124.511323846983,0.922877286049133
7410,8,44.0143291221347,-122.536801552833,0.905385408891683
7410,9,46.6741102857661,-123.742042962104,0.941017469010379
7410,10,45.9258820013327,-121.798686388292,0.939735967963707
7410,11,46.3353557191829,-121.684330321697,0.917158107949746
7410,12,46.0021203413577,-122.807987684594,0.923348210884235
7410,13,46.0054958067996,-122.813279693171,0.917761795406461
7410,14,46.0088076911728,-122.818482629642,0.912296125551553
7410,15,47.9601902220478,-124.363715239663,0.888857915283776
7410,16,47.6919525139446,-123.375179296364,0.890226383835599
7410,17,47.7478573062216,-124.747978293655,0.90084566868882
7410,18,47.5858825689452,-122.228730759024,0.895473668097963
7410,19,47.5846749783091,-122.224262915949,0.890758297359284
7410,20,47.3981904111545,-122.33468795574,0.911091648594031
7410,21,47.4001025676939,-122.327513240943,0.90755036311385
7410,22,47.5804432392867,-122.210084909101,0.877230203379689
7410,23,47.4977755901447,-123.630906143407,0.880802693591571
7410,24,47.4048918048314,-122.305452404697,0.897399129112363
7410,25,47.4061694148514,-122.297928495275,0.894169791270207
7410,26,47.3476069011297,-123.307632235961,0.790764383106838
7410,27,47.6842736196179,-123.438176357445,0.832901589769737
7410,28,47.2941721930482,-122.113331644563,0.806393881718267
7410,29,47.3021981960397,-122.1102612361,0.801913998568632
7410,30,47.1458008964767,-122.19298580946,0.823860907094733
7410,31,47.2186173699555,-123.525701008692,0.791435834324323
7410,32,47.3235168967372,-122.099886821161,0.789224045615489
7410,33,47.329732327479,-122.096058680897,0.78523413314564
7410,34,47.3355164637441,-122.092054353855,0.781359601969221
7410,35,47.3408775417176,-122.087879092502,0.777597806665804
7410,36,47.2008590840244,-122.159341155502,0.803941524998461
7410,37,47.350362703856,-122.079036635048,0.770402304662641
7410,38,47.3545024968326,-122.074379794875,0.766963759724537
7410,39,47.3582506499293,-122.069572727731,0.763628267782888
7410,40,46.6436779898081,-122.144085954899,0.840298154159359
7410,41,47.2336587461236,-122.12735154187,0.790036048155708
7410,42,47.5262662206881,-122.090600857961,0.808168311321886
7410,43,47.5222749696276,-122.083715812502,0.805578536724635
7410,44,47.5181551893888,-122.076764788761,0.803063415216057
7410,45,47.37292329758,-122.037857782155,0.745660828722088
7410,46,47.2557703754649,-122.092515919269,0.778312196965378
7410,47,47.3750026745707,-122.026310242329,0.740404396535102
7410,48,47.5003794055302,-122.04835870335,0.793731996599824
7430,1,37.9391374170269,-113.177732707031,0.990165645106077
7430,2,41.2414393108198,-119.240854190155,0.993639237562025
7430,3,36.7690181543024,-115.502750950251,0.981394620761709
7430,4,39.126421913246,-117.616876249074,0.972383702909708
7430,5,39.3462440893485,-117.222601604972,0.962556953376741
7430,6,39.5801100816862,-117.319122984929,0.979467377719924
7430,7,41.3930491953475,-120.454314317924,0.973061486533174
7430,8,40.8477397558911,-119.702333891663,0.973253182555344
7430,9,40.119041607322,-116.658296555502,0.952147832040183
7430,10,40.2545310040168,-118.538046242597,0.949676037329728
7430,11,40.6937400826743,-119.255419983654,0.961508559970995
7430,12,40.446368715064,-117.43539140956,0.932374853400508
7430,13,39.0232131054489,-115.687525786589,0.906711333765227
7430,14,39.2939706092675,-117.111216309297,0.926504412790605
7430,15,40.0552728450134,-117.136271654361,0.925208193268773
7430,16,39.8186283181018,-116.940720292866,0.914404050613044
7430,17,39.7644519469279,-116.305848144748,0.930002203637575
7430,18,41.8782797116231,-119.490596907312,0.972742484524209
7430,19,40.9053577126509,-117.748590952786,0.907817727779302
7430,20,39.6677772144385,-116.308196101375,0.897524375053682
7430,21,39.9584056144462,-117.466065957743,0.902700064359394
7430,22,40.1027825573773,-118.067930702461,0.903943324448477
7430,23,41.1483361135608,-118.090181106893,0.911625686273168
7430,24,39.6738277424999,-116.157001175476,0.898430939564054
7430,25,39.8769930822417,-116.582992730025,0.900583325360228
7430,26,40.2514164985098,-116.639818363811,0.878286232266694
7430,27,39.4949653562775,-116.471765616285,0.86341743966554
7430,28,40.162568167873,-116.373494935741,0.855618329374111
7430,29,40.0062827172931,-116.394551647238,0.875846818401211
7430,30,39.780812910745,-116.505264396701,0.870526832261603
7430,31,40.4550635787551,-116.97647812008,0.876180519706955
7430,32,40.3091520258925,-116.460205642117,0.885259563663812
7430,33,40.3282818655682,-117.432635128884,0.878501081958778
7430,34,40.361793610624,-117.038319372832,0.889291839709504
7430,35,40.5892473800453,-116.952093427499,0.866022083792907
7430,36,40.2936719930974,-116.777330137348,0.867877416193484
7430,37,40.2254588806851,-115.921753949212,0.871549341330768
7430,38,40.3423162935955,-115.936625417356,0.894354691420145
7430,39,40.0782384380316,-116.752665298538,0.884469150804937
7430,40,39.8418436946993,-115.960503472172,0.871089709587376
7430,41,40.1607045575789,-115.99957495919,0.870086491993317
7430,42,40.0801410593319,-116.267416850154,0.894343135849497
7430,43,40.9052732735666,-117.599082776441,0.856037806552685
7430,44,40.6653675271152,-117.748098883326,0.900023522461532
7430,45,40.0672502455954,-116.244140710576,0.873714898641717
7430,46,41.3261894165732,-117.994184395948,0.90378921376776
7430,47,40.821337872625,-117.60983427416,0.872787067248389
7430,48,40.6546443578479,-117.604968159208,0.873788281863393
7460,1,31.8058699706731,-105.58164062402,0.988354559328621
7460,2,31.8131477057842,-105.591954596922,0.976970175794732
7460,3,32.0196282029663,-104.901851503821,0.97384667363957
7460,4,32.0294213411577,-104.897475594351,0.965581577505104
7460,5,32.2758997834926,-105.730597492439,0.953336468258893
7460,6,32.1127301150476,-105.0011394774,0.926023882554905
7460,7,32.3007985376061,-105.729182358277,0.93641604943509
7460,8,32.3267070645448,-104.667833106225,0.912435249411083
7460,9,32.398017717286,-105.432829369628,0.907850860357849
7460,10,32.3760800440387,-105.354186837513,0.936708980116703
7460,11,32.1937851247931,-105.858677044431,0.880851395424751
7460,12,31.9521253324111,-105.726005523111,0.833937721625048
7460,13,31.9549886440793,-105.732568216719,0.822679100901211
7460,14,32.1637700734403,-104.922524441199,0.849170512258605
7460,15,32.3772220260183,-104.588646265499,0.853589311998732
7460,16,32.5664337318136,-105.441766481891,0.858946676797393
7460,17,31.9082094872996,-105.728744600065,0.832154781874232
7460,18,31.91366293528,-105.736800685161,0.82402155028678
7460,19,32.4054614617502,-104.541664553633,0.825835942414825
7460,20,32.4124246989207,-104.529736059008,0.819478504177406
7460,21,32.2096423244531,-104.844637256046,0.797698931594916
7460,22,32.2162199727221,-104.832855833676,0.791344245596724
7460,23,32.5591706861326,-105.27647640283,0.819534493941533
7460,24,32.4398349173199,-104.481339437208,0.796154368863492
7460,25,32.7155916454824,-105.171115280644,0.774900212356232
7460,26,32.4532539480204,-104.456756679283,0.785665180228583
7460,27,32.4598878030843,-104.444375753232,0.780693014595993
7460,28,32.466469984537,-104.431937714724,0.775895190960514
7460,29,32.2621059525922,-104.746173231293,0.752808495024907
7460,30,32.2686167196857,-104.733224965428,0.748077693343661
7460,31,32.0067668806868,-105.845320824874,0.666574021084135
7460,32,32.0095396434599,-105.851278175175,0.659952797118734
7460,33,32.288050140999,-104.693604962516,0.734924961001147
7460,34,32.2944911618332,-104.680151410919,0.73087100922503
7460,35,32.3009121169674,-104.666580270064,0.726974557494264
7460,36,32.3073121383978,-104.652895094374,0.723231292624348
7460,37,32.523291223905,-104.317754718507,0.739770984753989
7460,38,32.5293309587751,-104.304855750363,0.736463622903452
7460,39,32.5353158632431,-104.291921768685,0.733283834989541
7460,40,32.5412461293694,-104.278954757657,0.730228319471987
7460,41,32.5471220092645,-104.26595668498,0.727293905164461
7460,42,32.5529438109509,-104.252929499541,0.724477545785947
7460,43,32.3514699571168,-104.554207240557,0.700989732227097
7460,44,32.3576805542341,-104.53973898229,0.698335887138049
7460,45,32.3638657283834,-104.525188930916,0.695803344914354
7460,46,32.5756981326206,-104.200567831108,0.71433581898116
7460,47,32.5812558479509,-104.187423511658,0.71206806068921
7460,48,32.5867622927665,-104.174261265093,0.70990242743593
